,StoreID,CreationDate,StoreName,StoreAddress,ZCTA,ZIPcode,BoroName,latitude,longitude,Xcoord,Ycoord,Census.2010.PUMA,CD.Code,Census.CD.Name,beef_type,beef_price_1lb,beef_price_1lb_imp,bread_type,bread_price_loaf,bread_price_loaf_imp,tomato_type,tomato_price,tomato_price_imp,potato_type,potato_price,potato_price_imp,orange_type,orange_price,orange_price_imp,lettuce_type,lettuce_price,lettuce_price_imp,milk_type,milk_price,milk_price_imp,strawberries_type,strawberries_price,strawberries_price_imp,banana_type,banana_price,banana_price_imp,eggs_type,eggs_price,eggs_price_imp,missingvalues,SFB,SFB_imp
1,FM0000000054,5/10/2019 18:54,Stop & Shop,4343 AMBOY ROAD,10312,10312,STATEN ISLAND,40.545344,-74.160569,939624,138001,3603901,503,"NYC-Staten Island Community District 3--Tottenville, Great Kills & Annadale PUMA; New York",P,5.69,5.69,P,1.99,1.99,P,2.49,2.49,P,1.29,1.29,A,0.66,0.66,P,1.99,1.99,P,2.19,2.19,P,2,2,P,0.44,0.44,P,1.59,1.59,0,20.33,20.33
2,FM0000009956,5/10/2019 17:58,C-Town,2071 CLOVE ROAD,10304,10304,STATEN ISLAND,40.603962,-74.083657,961020,159327,3603902,502,"NYC-Staten Island Community District 2--New Springville & South Beach PUMA, New York",P,4.99,4.99,P,2.5,2.5,P,1.99,1.99,P,0.89,0.89,A,0.331666667,0.331666667,P,1.69,1.69,P,1.99,1.99,P,2,2,P,0.69,0.69,P,1.79,1.79,0,18.86166667,18.86166667
3,FM0000020048,5/10/2019 17:32,Key Food,155 BAY STREET,10301,10301,STATEN ISLAND,40.638214,-74.075882,963190,171804,3603903,501,"NYC-Staten Island Community District 1--Port Richmond, Stapleton & Mariner's Harbor PUMA; New York",P,5.99,5.99,P,1.99,1.99,P,1.99,1.99,P,0.99,0.99,A,0.666666667,0.666666667,P,1.99,1.99,P,2.79,2.79,P,1.67,1.67,P,0.79,0.79,P,0.99,0.99,0,19.85666667,19.85666667
4,FM0000029248,4/24/2019 19:03,Foodtown ,9105 3 AVENUE,11209,11209,BROOKLYN,40.620251,-74.032362,975266,165252,3604013,310,"NYC-Brooklyn Community District 10--Bay Ridge & Dyker Heights PUMA, New York",P,6.49,6.49,P,2.49,2.49,P,3.79,3.79,P,1.29,1.29,A,1.25,1.25,P,2.49,2.49,P,2.79,2.79,P,2.5,2.5,P,0.79,0.79,P,1.69,1.69,0,25.57,25.57
5,FM0000039149,3/12/2019 17:22,Pioneer Supermarket , SUNSET PARK,11220,11232,BROOKLYN,40.64162,-74.013959,980376,173036,3604012,307,"NYC-Brooklyn Community District 7--Sunset Park & Windsor Terrace PUMA, New York",P,4.39,4.39,P,2.99,2.99,A,1.49,1.49,P,0.99,0.99,A,0.99,0.99,A,,2.444986515,P,2.59,2.59,M,,3.51903511,P,0.99,0.99,P,1.99,1.99,2,,22.38402162
6,FM0000048809,4/5/2019 19:59,Bravo ,4808 4 AVENUE,11220,11220,BROOKLYN,40.64748,-74.011542,981047,175171,3604012,307,"NYC-Brooklyn Community District 7--Sunset Park & Windsor Terrace PUMA, New York",P,4.99,4.99,P,2.5,2.5,A,0.99,0.99,P,0.99,0.99,A,0.25,0.25,P,1.99,1.99,P,2.49,2.49,P,4.99,4.99,P,0.49,0.49,P,1.79,1.79,0,21.47,21.47
7,FM0000058041,4/5/2019 19:59,Fresh Market ,6013 8 AVENUE,11220,11220,BROOKLYN,40.635351,-74.009692,981560,170752,3604014,312,"NYC-Brooklyn Community District 12--Borough Park, Kensington & Ocean Parkway PUMA; New York",A,1.988372093,1.988372093,M,2.99,2.99,P,1.69,1.69,P,0.79,0.79,A,0.25,0.25,A,1.69,1.69,A,,3.433442797,M,,3.15705658,P,0.59,0.59,M,,1.994194905,3,,18.57306638
8,FM0000067773,3/12/2019 16:39, C-Town, SUNSET PARK,11220,11232,BROOKLYN,40.646685,-74.008667,981845,174881,3604012,307,"NYC-Brooklyn Community District 7--Sunset Park & Windsor Terrace PUMA, New York",P,4.99,4.99,P,2.5,2.5,A,1.49,1.49,A,0.5,0.5,A,1,1,A,1.163333333,1.163333333,P,2.49,2.49,P,2.99,2.99,M,,0.323377896,P,1.59,1.59,1,,19.03671123
9,FM0000077242,3/12/2019 17:00,City Fresh Market, SUNSET PARK,11220,11232,BROOKLYN,40.643657,-74.008227,981967,173778,3604012,307,"NYC-Brooklyn Community District 7--Sunset Park & Windsor Terrace PUMA, New York",P,5.99,5.99,P,2.5,2.5,P,1.99,1.99,P,0.79,0.79,A,0.4,0.4,P,1.99,1.99,P,2.39,2.39,P,2.99,2.99,P,0.49,0.49,P,2.5,2.5,0,22.03,22.03
10,FM0000088664,4/22/2019 20:05,Fulton Market,55 FULTON STREET,10038,10038,MANHATTAN,40.708448,-74.004848,982906,197383,3603810,101,"NYC-Manhattan Community District 1 & 2--Battery Park City, Greenwich Village & Soho PUMA; New York",P,7.89,7.89,P,2.5,2.5,P,1.99,1.99,P,0.99,0.99,A,1.666666667,1.666666667,P,3.99,3.99,P,2.99,2.99,P,4.99,4.99,P,0.79,0.79,P,1.69,1.69,0,29.48666667,29.48666667
11,FM0000095323,4/16/2019 18:15,Key Food ,3485 NEPTUNE AVENUE,11224,11224,BROOKLYN,40.577041,-74.001912,983719,149508,3604018,313,"NYC-Brooklyn Community District 13--Brighton Beach & Coney Island PUMA, New York",P,5.69,5.69,P,1.99,1.99,P,2.99,2.99,P,0.99,0.99,A,0.5,0.5,P,1.99,1.99,P,2.69,2.69,P,2.99,2.99,P,0.59,0.59,P,2.69,2.69,0,23.11,23.11
12,FM0000106275,3/12/2019 15:58,C-Town, SUNSET PARK,11232,11232,BROOKLYN,40.660392,-73.998111,984774,179875,3604012,307,"NYC-Brooklyn Community District 7--Sunset Park & Windsor Terrace PUMA, New York",A,3.691358025,3.691358025,P,1.99,1.99,P,2.99,2.99,P,0.99,0.99,A,1,1,P,2.49,2.49,P,2.49,2.49,P,3.99,3.99,P,0.89,0.89,P,2,2,0,22.52135802,22.52135802
13,FM0000119169,5/1/2019 19:55,Gristedes ,307 WEST 26 STREET,10001,10001,MANHATTAN,40.747352,-73.997423,984964,211557,3603807,104,"NYC-Manhattan Community District 4 & 5--Chelsea, Clinton & Midtown Business District PUMA; New York",P,7.99,7.99,P,3.49,3.49,P,4.99,4.99,P,1.49,1.49,A,1.666666667,1.666666667,P,2.99,2.99,P,2.69,2.69,P,3.99,3.99,P,0.89,0.89,P,2.99,2.99,0,33.17666667,33.17666667
14,FM0000123788,4/16/2019 18:39,Fine Fare Supermarkets,2901 MERMAID AVENUE,11224,11224,BROOKLYN,40.575444,-73.995544,985488,148926,3604018,313,"NYC-Brooklyn Community District 13--Brighton Beach & Coney Island PUMA, New York",P,5.89,5.89,P,1.99,1.99,P,2.99,2.99,P,1.29,1.29,A,0.4,0.4,P,1.49,1.49,P,2.49,2.49,P,2.99,2.99,P,0.69,0.69,P,2,2,0,22.22,22.22
15,FM0000135882,5/9/2019 19:21,Gristedes,101 CLARK STREET,11201,11201,BROOKLYN,40.697285,-73.992304,986384,193316,3604004,302,"NYC-Brooklyn Community District 2--Brooklyn Heights & Fort Greene PUMA, New York",P,7.99,7.99,P,3.49,3.49,P,2.99,2.99,P,1.49,1.49,A,1.666666667,1.666666667,P,2.99,2.99,P,2.69,2.69,P,3.99,3.99,P,0.89,0.89,P,2.89,2.89,0,31.07666667,31.07666667
16,FM0000146766,3/28/2019 13:19,Whole Foods Market,95 EAST HOUSTON STREET,10002,10002,MANHATTAN,40.724021,-73.992251,986398,203057,3603809,103,"NYC-Manhattan Community District 3--Chinatown & Lower East Side PUMA, New York",P,5.49,5.49,P,2.99,2.99,P,1.99,1.99,P,0.79,0.79,P,0.559375,0.559375,P,2.49,2.49,P,2.39,2.39,P,3.49,3.49,P,0.49,0.49,P,2.99,2.99,0,23.669375,23.669375
17,FM0000156827,4/22/2019 20:05,The Food Emporium ,10 UNION SQUARE EAST,10003,10003,MANHATTAN,40.734704,-73.989926,987042,206949,3603807,105,"NYC-Manhattan Community District 4 & 5--Chelsea, Clinton & Midtown Business District PUMA; New York",P,6.69,6.69,P,3.5,3.5,P,2.99,2.99,P,1.29,1.29,A,1.666666667,1.666666667,A,1.33,1.33,P,2.39,2.39,P,3.5,3.5,P,0.79,0.79,P,1.79,1.79,0,25.93666667,25.93666667
18,FM0000168073,5/16/2019 19:56,Dâ€™Agostino ,815 10 AVENUE,10019,10019,MANHATTAN,40.767287,-73.989906,987046,218820,3603807,104,"NYC-Manhattan Community District 4 & 5--Chelsea, Clinton & Midtown Business District PUMA; New York",P,9.99,9.99,P,3.49,3.49,P,4.99,4.99,P,1.69,1.69,A,1.5,1.5,P,2.99,2.99,P,2.79,2.79,P,3.99,3.99,P,0.89,0.89,P,2.79,2.79,0,35.11,35.11
19,FM0000173240,5/9/2019 20:14,Whole Foods Market,214 3 STREET,11215,11215,BROOKLYN,40.6754,-73.988691,987387,185343,3604005,306,"NYC-Brooklyn Community District 6--Park Slope, Carroll Gardens & Red Hook PUMA; New York",P,9.99,9.99,P,2.99,2.99,P,1.99,1.99,P,0.79,0.79,P,0.309375,0.309375,P,1.99,1.99,P,2.39,2.39,P,2.99,2.99,P,0.49,0.49,M,,1.315791159,1,,25.24516616
20,FM0000184608,3/15/2019 17:00,Food Mart ,117 LUDLOW STREET,10002,10002,MANHATTAN,40.719533,-73.988647,987397,201422,3603809,103,"NYC-Manhattan Community District 3--Chinatown & Lower East Side PUMA, New York",M,,7.724152267,P,2.99,2.99,M,,0.920310609,M,,0.81978421,M,,-0.091248284,M,,1.605959908,P,2.49,2.49,M,,4.252043176,M,,0.654794864,P,1.7,1.7,7,,23.06579675
21,FM0000193816,3/15/2019 17:15,Fine Fare Supermarkets,175 CLINTON STREET,10002,10002,MANHATTAN,40.715603,-73.986938,987871,199990,3603809,103,"NYC-Manhattan Community District 3--Chinatown & Lower East Side PUMA, New York",P,8.99,8.99,P,2.49,2.49,P,1.99,1.99,P,0.99,0.99,A,0.33,0.33,P,1.99,1.99,P,2.49,2.49,P,2.99,2.99,P,0.59,0.59,P,1.99,1.99,0,24.84,24.84
22,FM0000206284,5/16/2019 19:34,Morton Williams ,917 9 AVENUE,10019,10019,MANHATTAN,40.768971,-73.98496,988416,219434,3603807,104,"NYC-Manhattan Community District 4 & 5--Chelsea, Clinton & Midtown Business District PUMA; New York",P,6.99,6.99,P,3.69,3.69,P,2.99,2.99,P,1.69,1.69,A,1.5,1.5,P,2.99,2.99,P,4.29,4.29,P,3.99,3.99,P,0.89,0.89,P,3.79,3.79,0,32.81,32.81
23,FM0000215757,5/7/2019 18:53,Whole Foods Market,10 COLUMBUS CIRCLE,10019,10019,MANHATTAN,40.767815,-73.982267,989162,219013,3603807,104,"NYC-Manhattan Community District 4 & 5--Chelsea, Clinton & Midtown Business District PUMA; New York",M,,6.652115657,P,2.99,2.99,P,1.99,1.99,P,0.79,0.79,P,0.309375,0.309375,P,1.99,1.99,P,2.39,2.39,P,2.99,2.99,P,0.49,0.49,M,,1.963804164,2,,22.55529482
24,FM0000223205,4/22/2019 20:05,Associates Supermarket ,409 EAST 14 STREET,10009,10009,MANHATTAN,40.731088,-73.981866,989276,205632,3603808,106,"NYC-Manhattan Community District 6--Murray Hill, Gramercy & Stuyvesant Town PUMA; New York",P,5.99,5.99,P,2.5,2.5,P,2.99,2.99,P,0.99,0.99,A,1.5,1.5,P,2.29,2.29,P,2.59,2.59,P,3.99,3.99,P,0.49,0.49,P,3.39,3.39,0,26.72,26.72
25,FM0000231819,5/17/2019 15:17,Fine Fare Supermarkets,545 GRAND STREET,10002,10002,MANHATTAN,40.714213,-73.980784,989577,199484,3603809,103,"NYC-Manhattan Community District 3--Chinatown & Lower East Side PUMA, New York",P,8.99,8.99,P,2.49,2.49,A,1.49,1.49,P,0.79,0.79,A,0.5,0.5,P,1.79,1.79,P,2.39,2.39,P,2.99,2.99,P,0.89,0.89,P,1.59,1.59,0,23.91,23.91
26,FM0000241601,3/15/2019 17:44,Key Food ,43 COLUMBIA STREET,10002,10002,MANHATTAN,40.716486,-73.980574,989635,200312,3603809,103,"NYC-Manhattan Community District 3--Chinatown & Lower East Side PUMA, New York",P,7.99,7.99,P,2.5,2.5,P,1.99,1.99,P,0.99,0.99,A,0.333333333,0.333333333,P,2,2,P,2.59,2.59,P,2.99,2.99,M,,0.311004119,P,3.89,3.89,1,,25.58433745
27,FM0000251372,3/15/2019 18:10,Shop Fair Supermarket ,42 AVENUE C,10009,10009,MANHATTAN,40.721923,-73.980414,989679,202293,3603809,103,"NYC-Manhattan Community District 3--Chinatown & Lower East Side PUMA, New York",P,6.39,6.39,P,2.5,2.5,P,3.99,3.99,P,0.4,0.4,A,0.24875,0.24875,P,1.99,1.99,P,2.49,2.49,P,5.99,5.99,P,0.79,0.79,P,1,1,0,25.78875,25.78875
28,FM0000257460,4/24/2019 19:03,Key Food,319 KINGS HIGHWAY,11223,11223,BROOKLYN,40.604998,-73.978569,990201,159694,3604017,311,"NYC-Brooklyn Community District 11--Bensonhurst & Bath Beach PUMA, New York",P,6.59,6.59,P,1.79,1.79,P,2.49,2.49,P,0.99,0.99,A,0.666666667,0.666666667,P,1.99,1.99,P,2.19,2.19,P,2.5,2.5,P,0.69,0.69,P,1.59,1.59,0,21.48666667,21.48666667
29,FM0000270479,3/15/2019 18:28,Associated Supermarket,123 AVENUE C,10009,10009,MANHATTAN,40.72456,-73.978523,990203,203254,3603809,103,"NYC-Manhattan Community District 3--Chinatown & Lower East Side PUMA, New York",P,5.99,5.99,P,2.5,2.5,P,2.99,2.99,P,0.99,0.99,A,0.83,0.83,M,,1.621132872,P,2.49,2.49,M,,3.770451653,M,,0.973990164,P,2.49,2.49,3,,24.64557469
30,FM0000280125,3/15/2019 18:47,C-Town,188 AVENUE C,10009,10009,MANHATTAN,40.726797,-73.976837,990670,204069,3603809,103,"NYC-Manhattan Community District 3--Chinatown & Lower East Side PUMA, New York",P,4.89,4.89,P,1.99,1.99,P,1.49,1.49,P,1.29,1.29,A,0.398,0.398,A,2.99,2.99,P,2.49,2.49,P,4.99,4.99,P,0.99,0.99,P,2.09,2.09,0,23.608,23.608
31,FM0000287289,4/24/2019 19:03,Key Food,130 7 AVENUE,11215,11215,BROOKLYN,40.673074,-73.976441,990785,184496,3604005,306,"NYC-Brooklyn Community District 6--Park Slope, Carroll Gardens & Red Hook PUMA; New York",P,5.99,5.99,P,1.79,1.79,P,1.99,1.99,P,0.99,0.99,A,0.666666667,0.666666667,P,1.99,1.99,P,2.49,2.49,P,2.5,2.5,P,0.79,0.79,P,1.69,1.69,0,20.88666667,20.88666667
32,FM0000301807,4/22/2019 20:05,Key Food,530 AMSTERDAM AVENUE,10024,10024,MANHATTAN,40.787409,-73.975227,991110,226152,3603806,107,"NYC-Manhattan Community District 7--Upper West Side & West Side PUMA, New York",P,6.49,6.49,P,2.49,2.49,P,1.99,1.99,P,1.99,1.99,A,1,1,P,1.99,1.99,P,2.59,2.59,M,,3.156268884,P,0.49,0.49,P,1.79,1.79,1,,23.97626888
33,FM0000311196,5/1/2019 19:18,Gristedes,504 COLUMBUS AVENUE,10024,10024,MANHATTAN,40.785369,-73.973004,991726,225409,3603806,107,"NYC-Manhattan Community District 7--Upper West Side & West Side PUMA, New York",P,7.99,7.99,P,3.49,3.49,P,3.99,3.99,P,1.49,1.49,A,1.666666667,1.666666667,P,2.99,2.99,P,2.69,2.69,P,5.99,5.99,P,0.89,0.89,P,2.89,2.89,0,34.07666667,34.07666667
34,FM0000314312,4/16/2019 19:20,Key Food,505 NEPTUNE AVENUE,11224,11224,BROOKLYN,40.579835,-73.972176,991979,150527,3604018,313,"NYC-Brooklyn Community District 13--Brighton Beach & Coney Island PUMA, New York",P,4.99,4.99,P,1.99,1.99,P,2.49,2.49,P,0.99,0.99,A,1,1,P,2.29,2.29,P,1.89,1.89,P,2.99,2.99,P,0.99,0.99,P,2.59,2.59,0,22.21,22.21
35,FM0000325556,3/4/2019 19:06,Union market,342 FLATBUSH AVENUE,11217,11238,BROOKLYN,40.676199,-73.971757,992084,185635,3604005,306,"NYC-Brooklyn Community District 6--Park Slope, Carroll Gardens & Red Hook PUMA; New York",M,,1.89751713,P,4.99,4.99,P,3.49,3.49,P,0.99,0.99,P,0.403125,0.403125,P,3.49,3.49,P,3.99,3.99,P,3.99,3.99,P,0.79,0.79,P,4.99,4.99,1,,29.02064213
36,FM0000336125,5/28/2019 16:47,City acres market ,11 BROADWAY,11211,11249,BROOKLYN,40.710815,-73.968392,993013,198247,3604001,301,"NYC-Brooklyn Community District 1--Greenpoint & Williamsburg PUMA, New York",P,7.29,7.29,P,3.69,3.69,P,2.99,2.99,P,0.99,0.99,A,1,1,P,2,2,P,2.29,2.29,P,5.99,5.99,P,0.79,0.79,M,,4.166886664,1,,31.19688666
37,FM0000348493,5/7/2019 19:50,Whole Foods Market,226 EAST 57 STREET,10022,10022,MANHATTAN,40.759899,-73.966715,993471,216130,3603808,106,"NYC-Manhattan Community District 6--Murray Hill, Gramercy & Stuyvesant Town PUMA; New York",A,,6.255095322,P,2.99,2.99,P,1.99,1.99,P,0.79,0.79,P,0.309375,0.309375,A,,1.396697099,P,2.39,2.39,P,2.99,2.99,P,0.49,0.49,M,,2.575079397,3,,22.17624682
38,FM0000352931,6/6/2019 17:48,Paperific,1482 CONEY ISLAND AVENUE,11230,11230,BROOKLYN,40.62134,-73.964533,994096,165649,3604014,312,"NYC-Brooklyn Community District 12--Borough Park, Kensington & Ocean Parkway PUMA; New York",A,7.992,7.992,P,3.69,3.69,P,1.19,1.19,P,0.79,0.79,A,0.39,0.39,M,,1.966657264,P,2.79,2.79,P,2.99,2.99,P,0.69,0.69,M,,2.364881874,2,,24.85353914
39,FM0000362389,6/6/2019 17:36,Pomegranate ,1507 CONEY ISLAND AVENUE,11230,11230,BROOKLYN,40.620878,-73.964425,994126,165481,3604015,314,"NYC-Brooklyn Community District 14--Flatbush & Midwood PUMA, New York",A,6.99270073,6.99270073,P,3.69,3.69,P,3.99,3.99,P,1.29,1.29,A,0.39,0.39,P,1.99,1.99,P,2.89,2.89,P,7.49,7.49,P,0.99,0.99,M,,0.468761557,1,,30.18146229
40,FM0000371705,6/6/2019 17:12,Glatt Market ,1205 AVENUE M,11230,11230,BROOKLYN,40.617699,-73.962647,994620,164323,3604015,314,"NYC-Brooklyn Community District 14--Flatbush & Midwood PUMA, New York",A,6.991071429,6.991071429,P,3.69,3.69,P,0.99,0.99,P,0.79,0.79,A,0.4,0.4,A,1.663333333,1.663333333,P,2.59,2.59,P,3.99,3.99,P,0.79,0.79,M,,3.258371475,1,,25.15277624
41,FM0000382170,3/18/2019 18:43,Associated Supermarket,650 FLATBUSH AVENUE,11225,11225,BROOKLYN,40.657514,-73.960315,995261,178829,3604011,309,"NYC-Brooklyn Community District 9--Crown Heights South, Prospect Lefferts & Wingate PUMA; New York",A,2.991150442,2.991150442,P,2.5,2.5,P,2.49,2.49,P,1.29,1.29,A,0.333333333,0.333333333,A,0.5,0.5,P,2.59,2.59,P,2.99,2.99,P,0.5,0.5,P,2.79,2.79,0,18.97448378,18.97448378
42,FM0000393065,5/28/2019 16:12,Lefkowitz Supermarket,68 LEE AVENUE,11211,11211,BROOKLYN,40.705633,-73.959871,995376,196360,3604001,301,"NYC-Brooklyn Community District 1--Greenpoint & Williamsburg PUMA, New York",M,,5.513038442,P,,2.896425639,P,1.79,1.79,P,0.89,0.89,A,0.35,0.35,A,,1.927037584,P,3.15,3.15,M,,3.571088276,M,,0.995055455,P,1.5,1.5,5,,22.5826454
43,FM0000403332,3/28/2019 13:19,Whole Foods Market,238 BEDFORD AVENUE,11211,11249,BROOKLYN,40.71609,-73.959612,995446,200170,3604001,301,"NYC-Brooklyn Community District 1--Greenpoint & Williamsburg PUMA, New York",P,10.99,10.99,P,2.99,2.99,P,1.99,1.99,P,0.79,0.79,P,0.559375,0.559375,P,2.49,2.49,P,2.39,2.39,P,3.49,3.49,P,0.49,0.49,P,2.99,2.99,0,29.169375,29.169375
44,FM0000409842,6/6/2019 16:55,Mountain Fruit ,1523 AVENUE M,11230,11230,BROOKLYN,40.61808,-73.959427,995514,164462,3604015,314,"NYC-Brooklyn Community District 14--Flatbush & Midwood PUMA, New York",A,6.99,6.99,P,3.69,3.69,P,1.19,1.19,P,0.89,0.89,A,0.4,0.4,A,,2.461468506,P,2.79,2.79,P,4.99,4.99,P,0.79,0.79,M,,1.40066237,2,,25.59213088
45,FM0000418920,4/9/2019 20:11,Gourmanoff gourmet market,1029 BRIGHTON BEACH AVENUE,11235,11235,BROOKLYN,40.578209,-73.958609,995748,149936,3604018,313,"NYC-Brooklyn Community District 13--Brighton Beach & Coney Island PUMA, New York",P,10.99,10.99,P,2.99,2.99,P,1.99,1.99,P,0.89,0.89,A,1.29,1.29,P,1.79,1.79,P,2.09,2.09,P,0.99,0.99,P,0.59,0.59,P,0.79,0.79,0,24.4,24.4
46,FM0000435519,4/1/2019 20:42,Key Food,421 WEST 125 STREET,10027,10027,MANHATTAN,40.812023,-73.955078,996685,235122,3603802,109,"NYC-Manhattan Community District 9--Hamilton Heights, Manhattanville & West Harlem PUMA; New York",P,5.19,5.19,P,1.79,1.79,P,2.49,2.49,P,0.99,0.99,A,1.5,1.5,P,2.99,2.99,P,2.29,2.29,P,4.99,4.99,M,,0.460607868,P,2,2,1,,24.69060787
47,FM0000442141,3/14/2019 19:29,C-Town,953 MANHATTAN AVENUE,11222,11222,BROOKLYN,40.731854,-73.954544,996848,205914,3604001,301,"NYC-Brooklyn Community District 1--Greenpoint & Williamsburg PUMA, New York",P,4.99,4.99,P,2.99,2.99,P,1.99,1.99,P,0.99,0.99,A,1,1,A,1.663333333,1.663333333,P,2.39,2.39,P,2.99,2.99,P,0.89,0.89,P,3.99,3.99,0,23.88333333,23.88333333
48,FM0000451465,3/14/2019 19:08,Associated ,802 MANHATTAN AVENUE,11222,11222,BROOKLYN,40.727803,-73.953071,997257,204438,3604001,301,"NYC-Brooklyn Community District 1--Greenpoint & Williamsburg PUMA, New York",A,2.677852349,2.677852349,M,2.99,2.99,P,2.99,2.99,P,0.99,0.99,A,0.99,0.99,P,2.49,2.49,P,2.29,2.29,P,4.99,4.99,P,0.99,0.99,P,1.99,1.99,0,23.38785235,23.38785235
49,FM0000457127,4/9/2019 20:11,Stop & Shop,1710 AVENUE Y,11235,11235,BROOKLYN,40.590308,-73.952642,997403,154345,3604016,315,"NYC-Brooklyn Community District 15--Sheepshead Bay, Gerritsen Beach & Homecrest PUMA; New York",P,6.19,6.19,P,1.99,1.99,P,1.99,1.99,P,1.49,1.49,A,1,1,A,0.996666667,0.996666667,P,2.29,2.29,P,4.99,4.99,P,0.59,0.59,P,1.89,1.89,0,23.41666667,23.41666667
50,FM0000470594,7/30/2019 17:25,Key Food,224 MCGUINESS BOULEVARD,11222,11222,BROOKLYN,40.729819,-73.951111,997800,205173,3604001,301,"NYC-Brooklyn Community District 1--Greenpoint & Williamsburg PUMA, New York",P,5.99,5.99,P,1.89,1.89,P,1.99,1.99,P,0.99,0.99,A,1.25,1.25,P,0.98,0.98,P,2.39,2.39,P,2.98,2.98,P,0.79,0.79,P,0.88,0.88,0,20.13,20.13
51,FM0000482534,4/22/2019 20:05,Food universe ,1486 LEXINGTON AVENUE,10128,10128,MANHATTAN,40.785768,-73.951015,997815,225557,3603805,108,"NYC-Manhattan Community District 8--Upper East Side PUMA, New York",P,5.99,5.99,P,1.79,1.79,P,2.99,2.99,P,0.99,0.99,A,0.4,0.4,P,2.99,2.99,P,2.49,2.49,P,2.5,2.5,P,0.99,0.99,P,1.69,1.69,0,22.82,22.82
52,FM0000486968,3/18/2019 17:52,Associated Supermarket,975 NOSTRAND AVENUE,11225,11225,BROOKLYN,40.66479,-73.950982,997849,181481,3604011,309,"NYC-Brooklyn Community District 9--Crown Heights South, Prospect Lefferts & Wingate PUMA; New York",P,5.99,5.99,P,2.5,2.5,P,1.99,1.99,P,0.99,0.99,A,0.333333333,0.333333333,P,1.99,1.99,P,2.19,2.19,P,3.99,3.99,P,0.79,0.79,P,2.19,2.19,0,22.95333333,22.95333333
53,FM0000496336,3/18/2019 18:15,Key Food,1232 NOSTRAND AVENUE,11225,11225,BROOKLYN,40.65697,-73.950245,998055,178632,3604011,309,"NYC-Brooklyn Community District 9--Crown Heights South, Prospect Lefferts & Wingate PUMA; New York",A,4.987179487,4.987179487,P,1.79,1.79,A,1.99,1.99,P,0.99,0.99,A,0.5,0.5,P,1.79,1.79,P,2.39,2.39,P,2.99,2.99,P,0.69,0.69,P,2.99,2.99,0,21.10717949,21.10717949
54,FM0000512135,4/1/2019 20:42,Key Food,3550 BROADWAY,10031,10031,MANHATTAN,40.826787,-73.950176,998039,240502,3603802,109,"NYC-Manhattan Community District 9--Hamilton Heights, Manhattanville & West Harlem PUMA; New York",P,5.99,5.99,P,1.79,1.79,P,2.99,2.99,P,0.99,0.99,A,0.5,0.5,P,2.99,2.99,P,2.69,2.69,P,4.99,4.99,P,0.89,0.89,P,2.89,2.89,0,26.71,26.71
55,FM0000515735,4/24/2019 19:03,Key Food ,653 NOSTRAND AVENUE,11216,11216,BROOKLYN,40.674827,-73.950023,998113,185138,3604006,308,"NYC-Brooklyn Community District 8--Crown Heights North & Prospect Heights PUMA, New York",A,5.988888889,5.988888889,P,1.79,1.79,P,2.99,2.99,P,0.99,0.99,A,1,1,P,1.99,1.99,P,2.39,2.39,P,2.5,2.5,M,,0.87269448,P,1.69,1.69,1,,22.20158337
56,FM0000530353,5/17/2019 16:41,Fine Fare Supermarkets,136 LENOX AVENUE,10026,10026,MANHATTAN,40.802477,-73.949338,998276,231645,3603803,110,"NYC-Manhattan Community District 10--Central Harlem PUMA, New York",P,6.99,6.99,P,2.39,2.39,P,2.99,2.99,A,0.5,0.5,A,1,1,P,1.99,1.99,P,2.69,2.69,P,2.5,2.5,P,0.5,0.5,P,1.99,1.99,0,23.54,23.54
57,FM0000534980,4/10/2019 19:47,Bravo Supermarket,1299 FULTON STREET,11216,11216,BROOKLYN,40.680374,-73.949117,998363,187159,3604003,303,"NYC-Brooklyn Community District 3--Bedford-Stuyvesant PUMA, New York",P,5.99,5.99,P,2.5,2.5,A,0.99,0.99,P,0.63,0.63,A,0.8,0.8,A,,1.319584389,P,2.29,2.29,P,3.99,3.99,P,0.79,0.79,P,2.39,2.39,1,,21.68958439
58,FM0000545563,7/30/2019 17:40,Key Food,575 GRAND STREET,11211,11211,BROOKLYN,40.711203,-73.948599,998500,198391,3604001,301,"NYC-Brooklyn Community District 1--Greenpoint & Williamsburg PUMA, New York",P,5.29,5.29,P,1.89,1.89,P,2.99,2.99,P,0.99,0.99,A,1.666666667,1.666666667,P,2,2,P,2.59,2.59,P,3.98,3.98,P,0.79,0.79,P,1.5,1.5,0,23.68666667,23.68666667
59,FM0000545564,3/14/2019 20:02,Key Food ,575 GRAND STREET,11211,11211,BROOKLYN,40.711203,-73.948599,998500,198391,3604001,301,"NYC-Brooklyn Community District 1--Greenpoint & Williamsburg PUMA, New York",P,5.49,5.49,P,1.79,1.79,P,2.99,2.99,P,0.89,0.89,A,1,1,P,2.5,2.5,P,2.49,2.49,P,4.59,4.59,P,0.79,0.79,P,2.39,2.39,0,24.92,24.92
60,FM0000559277,4/1/2019 20:42,Foodtown ,2463 FREDERICK DOUGLASS BOULEVARD,10027,10027,MANHATTAN,40.81449,-73.948028,998636,236022,3603803,110,"NYC-Manhattan Community District 10--Central Harlem PUMA, New York",P,7.59,7.59,P,2.5,2.5,P,2.49,2.49,P,0.99,0.99,A,1.25,1.25,A,1.163333333,1.163333333,P,2.19,2.19,P,3.99,3.99,P,0.79,0.79,P,1.79,1.79,0,24.74333333,24.74333333
61,FM0000566486,3/21/2019 18:45,Key Food,44-65 21 STREET,11101,11101,QUEENS,40.747812,-73.947442,998813,211729,3604109,402,"NYC-Queens Community District 2--Sunnyside & Woodside PUMA, New York",A,3.190839695,3.190839695,P,2.49,2.49,P,1.99,1.99,A,0.598,0.598,A,1.25,1.25,A,,1.990767577,P,2.79,2.79,P,2.99,2.99,P,0.79,0.79,P,3.49,3.49,1,,21.56960727
62,FM0000571854,4/24/2019 19:02,Key Food,2326 NOSTRAND AVENUE,11210,11210,BROOKLYN,40.628022,-73.947122,998928,168086,3604015,314,"NYC-Brooklyn Community District 14--Flatbush & Midwood PUMA, New York",P,4.99,4.99,P,1.79,1.79,P,1.99,1.99,P,0.99,0.99,A,0.5,0.5,P,1.69,1.69,P,2.49,2.49,P,3.33,3.33,P,0.49,0.49,P,1.49,1.49,0,19.75,19.75
63,FM0000583693,7/30/2019 18:11,Ozzie's Fresh Market,635 GRAND STREET,11211,11211,BROOKLYN,40.711386,-73.946695,999028,198458,3604001,301,"NYC-Brooklyn Community District 1--Greenpoint & Williamsburg PUMA, New York",P,6.29,6.29,P,1.99,1.99,P,2.49,2.49,A,0.599,0.599,A,0.99,0.99,P,0.98,0.98,P,2.59,2.59,P,3.49,3.49,P,0.79,0.79,P,2,2,0,22.209,22.209
64,FM0000596843,4/1/2019 20:41,Fine Fare Supermarkets,1718 MADISON AVENUE,10029,10029,MANHATTAN,40.798265,-73.94612,999168,230111,3603804,111,"NYC-Manhattan Community District 11--East Harlem PUMA, New York",A,6.985074627,6.985074627,P,1.99,1.99,P,3,3,P,0.99,0.99,A,0.333333333,0.333333333,A,1.33,1.33,P,2.49,2.49,P,2.99,2.99,P,0.79,0.79,P,1.89,1.89,0,22.78840796,22.78840796
65,FM0000606706,3/27/2019 18:33,Whole Foods Market,100 WEST 125 STREET,10027,10027,MANHATTAN,40.807877,-73.945747,999269,233613,3603803,110,"NYC-Manhattan Community District 10--Central Harlem PUMA, New York",P,10.99,10.99,P,2.99,2.99,P,1.99,1.99,P,0.79,0.79,P,0.559375,0.559375,P,2.49,2.49,P,2.39,2.39,P,3.49,3.49,P,0.49,0.49,P,2.99,2.99,0,29.169375,29.169375
66,FM0000613123,3/14/2019 18:40,Busy Bee Food Exchange ,185 NASSAU AVENUE,11222,11222,BROOKLYN,40.725455,-73.945727,999293,203584,3604001,301,"NYC-Brooklyn Community District 1--Greenpoint & Williamsburg PUMA, New York",A,5.406779661,5.406779661,P,2.99,2.99,M,,0.719806833,P,0.69,0.69,A,0.85,0.85,A,1.163333333,1.163333333,P,2.59,2.59,M,,1.648061933,M,,0.634059834,P,1.99,1.99,3,,18.68204159
67,FM0000623989,3/21/2019 17:30,Fine Fare Supermarkets ,10-07 41 AVENUE,11101,11101,QUEENS,40.755617,-73.945577,999328,214573,3604101,401,"NYC-Queens Community District 1--Astoria & Long Island City PUMA, New York",P,5.99,5.99,P,2.5,2.5,A,1.29,1.29,P,0.99,0.99,A,0.8,0.8,M,,1.287417805,P,2.69,2.69,M,,5.159377754,P,0.59,0.59,P,2.29,2.29,2,,23.58679556
68,FM0000630124,4/10/2019 19:47,Super Foodtown,1420 FULTON STREET,11216,11216,BROOKLYN,40.6801,-73.944322,999693,187060,3604003,303,"NYC-Brooklyn Community District 3--Bedford-Stuyvesant PUMA, New York",P,5.99,5.99,P,2.49,2.49,P,1.98,1.98,P,1.29,1.29,A,0.666666667,0.666666667,P,1.99,1.99,P,2.69,2.69,P,3.99,3.99,P,0.79,0.79,P,2.29,2.29,0,24.16666667,24.16666667
69,FM0000640940,7/30/2019 19:11,C-Town,330 VIA VESPUCCI,11211,11211,BROOKLYN,40.714034,-73.944294,999693,199423,3604001,301,"NYC-Brooklyn Community District 1--Greenpoint & Williamsburg PUMA, New York",P,6.99,6.99,P,2.19,2.19,P,1.99,1.99,P,0.99,0.99,A,1.25,1.25,A,,2.080316504,P,2.99,2.99,P,2.5,2.5,P,0.69,0.69,P,2.19,2.19,1,,23.8603165
70,FM0000654803,4/1/2019 20:42,Foodtown ,756 SAINT NICHOLAS AVENUE,10031,10031,MANHATTAN,40.826046,-73.943279,999948,240233,3603802,109,"NYC-Manhattan Community District 9--Hamilton Heights, Manhattanville & West Harlem PUMA; New York",P,5.99,5.99,P,2.5,2.5,P,2.49,2.49,P,0.99,0.99,A,0.83,0.83,P,2.99,2.99,P,2.59,2.59,P,3.99,3.99,P,0.69,0.69,P,2.99,2.99,0,26.05,26.05
71,FM0000664829,3/19/2019 19:25,Shop Fair Supermarket,3871 BROADWAY,10032,10032,MANHATTAN,40.836926,-73.942796,1000079,244197,3603801,112,"NYC-Manhattan Community District 12--Washington Heights, Inwood & Marble Hill PUMA; New York",P,5.99,5.99,P,2.5,2.5,P,1.99,1.99,A,0.699,0.699,A,0.25,0.25,P,1.79,1.79,P,2.49,2.49,P,2.49,2.49,P,0.55,0.55,P,2.49,2.49,0,21.239,21.239
72,FM0000669363,7/30/2019 18:39,Bravo Supermarket,769A GRAND STREET,11211,11211,BROOKLYN,40.711782,-73.942532,1000182,198603,3604001,301,"NYC-Brooklyn Community District 1--Greenpoint & Williamsburg PUMA, New York",P,6.99,6.99,P,2.99,2.99,P,1.49,1.49,P,0.99,0.99,A,0.99,0.99,P,1.99,1.99,P,2.19,2.19,P,2.5,2.5,P,0.49,0.49,P,2.19,2.19,0,22.81,22.81
73,FM0000680726,3/21/2019 18:06,Foodcellar Market,43-18 CRESCENT STREET,11101,11101,QUEENS,40.748661,-73.942363,1000220,212039,3604109,402,"NYC-Queens Community District 2--Sunnyside & Woodside PUMA, New York",P,7.99,7.99,P,2.99,2.99,P,1.99,1.99,P,0.99,0.99,A,1.25,1.25,P,2.49,2.49,P,2.79,2.79,P,6.99,6.99,P,0.79,0.79,P,2.99,2.99,0,31.26,31.26
74,FM0000688457,3/14/2019 20:28,Bravo Supermarket ,785 GRAND STREET,11211,11211,BROOKLYN,40.711864,-73.941706,1000411,198633,3604001,301,"NYC-Brooklyn Community District 1--Greenpoint & Williamsburg PUMA, New York",P,5.99,5.99,P,2.5,2.5,A,0.99,0.99,P,1.29,1.29,A,0.23359375,0.23359375,M,,2.174286992,M,,2.241364026,M,,3.17617778,P,0.69,0.69,P,3.99,3.99,3,,23.27542255
75,FM0000698406,6/7/2019 17:42,City Fresh Market ,57 KINGSLAND AVENUE,11211,11211,BROOKLYN,40.718028,-73.940384,1000776,200879,3604001,301,"NYC-Brooklyn Community District 1--Greenpoint & Williamsburg PUMA, New York",P,6.99,6.99,P,2.99,2.99,P,1.99,1.99,P,1.19,1.19,A,0.5,0.5,P,1.69,1.69,P,2.69,2.69,P,4.99,4.99,P,0.39,0.39,P,2.69,2.69,0,26.11,26.11
76,FM0000704553,4/9/2019 20:10,Aldi,3785 NOSTRAND AVENUE,11235,11235,BROOKLYN,40.59126,-73.940108,1000884,154694,3604016,315,"NYC-Brooklyn Community District 15--Sheepshead Bay, Gerritsen Beach & Homecrest PUMA; New York",P,3.99,3.99,P,1.49,1.49,P,1.46,1.46,P,0.4,0.4,P,0.15625,0.15625,A,1.39,1.39,P,2.19,2.19,P,2.69,2.69,P,0.44,0.44,P,1.99,1.99,0,16.19625,16.19625
77,FM0000721765,3/19/2019 19:25,C-Town,1016 SAINT NICHOLAS AVENUE,10032,10032,MANHATTAN,40.83505,-73.939809,1000906,243514,3603801,112,"NYC-Manhattan Community District 12--Washington Heights, Inwood & Marble Hill PUMA; New York",P,6.09,6.09,P,2.5,2.5,A,1.49,1.49,A,0.499,0.499,A,0.5,0.5,P,1.76,1.76,A,,3.18586321,P,3.99,3.99,P,0.59,0.59,P,2.99,2.99,1,,23.59486321
78,FM0000731608,3/19/2019 19:25,Gristedes,4037 BROADWAY,10032,10032,MANHATTAN,40.842265,-73.939282,1001050,246143,3603801,112,"NYC-Manhattan Community District 12--Washington Heights, Inwood & Marble Hill PUMA; New York",P,4.99,4.99,P,3.99,3.99,P,2.99,2.99,A,1.198,1.198,A,1.666666667,1.666666667,P,2.99,2.99,P,2.69,2.69,P,5.99,5.99,P,0.79,0.79,P,2.89,2.89,0,30.18466667,30.18466667
79,FM0000735149,3/29/2019 18:24,Ideal Food Basket,830 LAFAYETTE AVENUE,11221,11221,BROOKLYN,40.691263,-73.939239,1001100,191128,3604003,303,"NYC-Brooklyn Community District 3--Bedford-Stuyvesant PUMA, New York",P,4.99,4.99,P,2.99,2.99,P,1.99,1.99,P,1.29,1.29,A,1,1,P,1.67,1.67,P,2.39,2.39,P,3.99,3.99,P,0.79,0.79,P,1.69,1.69,0,22.79,22.79
80,FM0000743642,3/18/2019 21:47,Shop Fair Supermarket ,4121 CHURCH AVENUE,11203,11203,BROOKLYN,40.651348,-73.938767,1001241,176586,3604010,317,"NYC-Brooklyn Community District 17--East Flatbush, Farragut & Rugby PUMA; New York",P,5.49,5.49,P,2.5,2.5,A,1.69,1.69,P,0.89,0.89,A,0.5,0.5,P,1.49,1.49,P,2.69,2.69,M,,1.100963432,P,0.69,0.69,P,1.99,1.99,1,,19.03096343
81,FM0000757567,4/15/2019 18:02,Best Market,19-30 37 AVENUE,11101,11101,QUEENS,40.758938,-73.938542,1001276,215784,3604101,401,"NYC-Queens Community District 1--Astoria & Long Island City PUMA, New York",P,5.69,5.69,P,2.5,2.5,P,1.68,1.68,P,0.89,0.89,A,0.666666667,0.666666667,P,1.78,1.78,P,2.39,2.39,P,2.5,2.5,P,0.68,0.68,P,1.79,1.79,0,20.56666667,20.56666667
82,FM0000770013,8/9/2019 18:31,Bravo Supermarket,4138 BROADWAY,10033,10033,MANHATTAN,40.84608,-73.938473,1001273,247533,3603801,112,"NYC-Manhattan Community District 12--Washington Heights, Inwood & Marble Hill PUMA; New York",P,4.99,4.99,P,1.99,1.99,P,1.99,1.99,P,0.99,0.99,A,1,1,P,2.99,2.99,P,2.19,2.19,P,2.5,2.5,P,0.69,0.69,P,1.99,1.99,0,21.32,21.32
83,FM0000770014,3/19/2019 19:25,Bravo Supermarket ,4138 BROADWAY,10033,10033,MANHATTAN,40.84608,-73.938473,1001273,247533,3603801,112,"NYC-Manhattan Community District 12--Washington Heights, Inwood & Marble Hill PUMA; New York",A,3.489361702,3.489361702,P,2.49,2.49,P,1.99,1.99,P,0.99,0.99,A,0.2,0.2,A,1.99,1.99,P,2.19,2.19,P,2.99,2.99,P,0.69,0.69,P,1.99,1.99,0,19.0093617,19.0093617
84,FM0000779315,3/19/2019 19:25,Key Food,1239 SAINT NICHOLAS AVENUE,10032,10032,MANHATTAN,40.843373,-73.938088,1001380,246547,3603801,112,"NYC-Manhattan Community District 12--Washington Heights, Inwood & Marble Hill PUMA; New York",P,6.99,6.99,P,2.5,2.5,P,2.99,2.99,P,0.99,0.99,A,0.75,0.75,A,1.23,1.23,P,2.79,2.79,M,,2.853807948,P,0.69,0.69,P,1.99,1.99,1,,23.77380795
85,FM0000782466,4/10/2019 19:47,Fine Fare Supermarkets,476 MARCUS GARVEY BOULEVARD,11216,11216,BROOKLYN,40.680492,-73.937562,1001568,187204,3604003,303,"NYC-Brooklyn Community District 3--Bedford-Stuyvesant PUMA, New York",P,5.99,5.99,P,1.99,1.99,P,2.99,2.99,P,1.29,1.29,A,1.19,1.19,A,,1.707238883,P,2.89,2.89,M,,2.954329465,P,0.89,0.89,P,2.99,2.99,2,,24.88156835
86,FM0000798613,8/9/2019 17:54, Bravo Supermarket,1331 ST NICHOLAS AVENUE,10033,10033,MANHATTAN,40.846443,-73.935841,1002001,247666,3603801,112,"NYC-Manhattan Community District 12--Washington Heights, Inwood & Marble Hill PUMA; New York",P,5.99,5.99,P,2.5,2.5,P,1.99,1.99,P,1.49,1.49,A,1,1,P,1.49,1.49,P,2.19,2.19,P,1.99,1.99,P,0.69,0.69,P,1.99,1.99,0,21.32,21.32
87,FM0000798623,3/19/2019 19:25,Bravo Supermarket ,1331 SAINT NICHOLAS AVENUE,10033,10033,MANHATTAN,40.846443,-73.935841,1002001,247666,3603801,112,"NYC-Manhattan Community District 12--Washington Heights, Inwood & Marble Hill PUMA; New York",P,4.99,4.99,P,1.99,1.99,P,1.89,1.89,P,0.99,0.99,A,1,1,A,1.69,1.69,P,2.19,2.19,P,2.5,2.5,P,0.69,0.69,P,1.99,1.99,0,19.92,19.92
88,FM0000806256,4/1/2019 20:41,Fine Fare Supermarkets,2330 1 AVENUE,10035,10035,MANHATTAN,40.798278,-73.933731,1002598,230118,3603804,111,"NYC-Manhattan Community District 11--East Harlem PUMA, New York",P,6.39,6.39,P,2.5,2.5,P,3.49,3.49,P,0.99,0.99,A,0.666666667,0.666666667,P,1.99,1.99,P,2.39,2.39,P,3.99,3.99,P,0.89,0.89,P,1.67,1.67,0,24.96666667,24.96666667
89,FM0000810301,3/18/2019 21:47,Ideal Food Basket,4806 CHURCH AVENUE,11203,11203,BROOKLYN,40.651647,-73.932143,1003079,176696,3604010,317,"NYC-Brooklyn Community District 17--East Flatbush, Farragut & Rugby PUMA; New York",P,6.99,6.99,P,1.99,1.99,P,1.49,1.49,P,0.99,0.99,A,0.5,0.5,P,1.99,1.99,P,2.29,2.29,P,3.49,3.49,P,0.69,0.69,P,1.69,1.69,0,22.11,22.11
90,FM0000824553,3/22/2019 17:52,City Fresh Market,21-15 BROADWAY,11106,11106,QUEENS,40.765115,-73.931475,1003232,218036,3604101,401,"NYC-Queens Community District 1--Astoria & Long Island City PUMA, New York",P,6.99,6.99,P,2.5,2.5,P,1.99,1.99,P,0.89,0.89,A,0.4,0.4,P,2.5,2.5,P,2.59,2.59,P,3.99,3.99,P,0.49,0.49,P,2.19,2.19,0,24.53,24.53
91,FM0000833819,8/6/2019 17:33,Bravo Supermarket,24-18 34 AVENUE,11106,11106,QUEENS,40.761563,-73.931299,1003282,216742,3604101,401,"NYC-Queens Community District 1--Astoria & Long Island City PUMA, New York",P,5.39,5.39,P,2.19,2.19,P,1.29,1.29,P,0.99,0.99,A,0.5,0.5,P,1.99,1.99,P,2.49,2.49,P,2,2,P,0.69,0.69,P,1.25,1.25,0,18.78,18.78
92,FM0000843060,3/22/2019 18:22,Key Food,30-13 36 AVENUE,11106,11106,QUEENS,40.756877,-73.930358,1003544,215035,3604101,401,"NYC-Queens Community District 1--Astoria & Long Island City PUMA, New York",P,6.99,6.99,P,2.5,2.5,A,1.99,1.99,P,0.99,0.99,A,0.598,0.598,A,1.99,1.99,P,2.49,2.49,P,3.99,3.99,M,,0.781716618,P,1.49,1.49,1,,23.80971662
93,FM0000852960,3/22/2019 17:35,Trade Fair,23-55 BROADWAY,11106,11106,QUEENS,40.764299,-73.93,1003641,217739,3604101,401,"NYC-Queens Community District 1--Astoria & Long Island City PUMA, New York",P,5.79,5.79,P,2.5,2.5,A,1.49,1.49,P,0.99,0.99,A,0.333333333,0.333333333,A,1.163333333,1.163333333,P,2.49,2.49,P,5.99,5.99,P,0.5,0.5,P,1.59,1.59,0,22.83666667,22.83666667
94,FM0000865548,5/17/2019 17:32,Fine Fare Supermarkets,1617 ST NICHOLAS AVENUE,10040,10040,MANHATTAN,40.855415,-73.929286,1003812,250936,3603801,112,"NYC-Manhattan Community District 12--Washington Heights, Inwood & Marble Hill PUMA; New York",P,5.19,5.19,P,2.5,2.5,P,2.99,2.99,P,0.79,0.79,A,1,1,A,,1.943514918,P,2.89,2.89,P,2.5,2.5,P,0.89,0.89,P,1.89,1.89,1,,22.58351492
95,FM0000868568,3/29/2019 18:00,Premier Food Fresh Market,1165 BROADWAY,11221,11221,BROOKLYN,40.69295,-73.928106,1004187,191745,3604002,304,"NYC-Brooklyn Community District 4--Bushwick PUMA, New York",P,5.99,5.99,P,2.99,2.99,P,3.99,3.99,P,0.99,0.99,A,1,1,P,2.49,2.49,P,2.99,2.99,P,5.99,5.99,P,0.89,0.89,P,3.79,3.79,0,31.11,31.11
96,FM0000878175,8/6/2019 20:00,Fine Fare Supermarkets,1305 MYRTLE AVENUE,11221,11221,BROOKLYN,40.69798,-73.926326,1004679,193578,3604002,304,"NYC-Brooklyn Community District 4--Bushwick PUMA, New York",P,5.69,5.69,P,2.5,2.5,P,1.99,1.99,P,0.99,0.99,A,0.4,0.4,P,2,2,M,,2.397483349,P,2.5,2.5,P,0.69,0.69,P,2.29,2.29,1,,21.44748335
97,FM0000878176,3/29/2019 18:55,Fine Fare Supermarkets ,1305 MYRTLE AVENUE,11221,11221,BROOKLYN,40.69798,-73.926326,1004679,193578,3604002,304,"NYC-Brooklyn Community District 4--Bushwick PUMA, New York",P,5.99,5.99,P,2.49,2.49,P,1.99,1.99,P,0.99,0.99,A,1,1,P,2,2,P,2.49,2.49,P,5.99,5.99,P,0.59,0.59,P,1.67,1.67,0,25.2,25.2
98,FM0000887273,8/6/2019 20:54,Foodtown,800 JEFFERSON AVENUE,11221,11221,BROOKLYN,40.686128,-73.925243,1004983,189260,3604003,303,"NYC-Brooklyn Community District 3--Bedford-Stuyvesant PUMA, New York",P,5.99,5.99,P,3.69,3.69,P,1.99,1.99,P,0.99,0.99,A,1.5,1.5,P,1.49,1.49,P,2.29,2.29,P,4.99,4.99,P,0.59,0.59,P,1.59,1.59,0,25.11,25.11
99,FM0000902352,4/11/2019 16:00,Key Food,885 GERARD AVENUE,10452,10452,BRONX,40.827976,-73.924675,1005096,240940,3603708,204,"NYC-Bronx Community District 4--Concourse, Highbridge & Mount Eden PUMA; New York",A,6.288808664,6.288808664,P,1.99,1.99,P,2.99,2.99,P,0.99,0.99,A,0.4,0.4,P,1.99,1.99,P,2.49,2.49,P,4.99,4.99,P,0.89,0.89,P,1.99,1.99,0,25.00880866,25.00880866
100,FM0000909767,3/22/2019 18:56,C-Town,34-12 34 AVENUE,11106,11106,QUEENS,40.758455,-73.924671,1005119,215611,3604101,401,"NYC-Queens Community District 1--Astoria & Long Island City PUMA, New York",P,5.99,5.99,P,1.99,1.99,P,2.49,2.49,P,0.99,0.99,A,0.331666667,0.331666667,A,1.99,1.99,P,1.99,1.99,M,,1.804068122,P,0.59,0.59,P,1.69,1.69,1,,19.85573479
101,FM0000915882,3/29/2019 17:36,Foodtown,1291 BROADWAY,11221,11221,BROOKLYN,40.69081,-73.924333,1005234,190966,3604002,304,"NYC-Brooklyn Community District 4--Bushwick PUMA, New York",P,6.19,6.19,P,2.49,2.49,P,2.49,2.49,P,0.8,0.8,A,0.333333333,0.333333333,P,1.99,1.99,P,1.99,1.99,P,5.99,5.99,P,0.59,0.59,P,1.19,1.19,0,24.05333333,24.05333333
102,FM0000930297,3/13/2019 15:13,Pioneer Supermarket,250 WILLIS AVENUE,10454,10454,BRONX,40.809294,-73.922739,1005638,234134,3603710,201,"NYC-Bronx Community District 1 & 2--Hunts Point, Longwood & Melrose PUMA; New York",M,,4.519608969,M,,2.727383645,A,1.99,1.99,P,0.99,0.99,A,1,1,P,1.99,1.99,P,2.39,2.39,P,0.99,0.99,M,,0.612111391,P,2.69,2.69,3,,19.89910401
103,FM0000939968,3/13/2019 19:14,Fine Fare Supermarkets,675 MORRIS AVENUE,10451,10451,BRONX,40.820467,-73.921371,1006013,238205,3603710,201,"NYC-Bronx Community District 1 & 2--Hunts Point, Longwood & Melrose PUMA; New York",P,5.19,5.19,P,2.49,2.49,A,1.69,1.69,P,0.6,0.6,A,0.666666667,0.666666667,M,,1.44478404,P,2.79,2.79,P,2.99,2.99,P,0.5,0.5,P,1.5,1.5,1,,19.86145071
104,FM0000950216,4/11/2019 16:21,Fine Fare Supermarkets,59 EAST 167 STREET,10452,10452,BRONX,40.835507,-73.920612,1006218,243685,3603708,204,"NYC-Bronx Community District 4--Concourse, Highbridge & Mount Eden PUMA; New York",P,5.29,5.29,P,2.5,2.5,P,2.79,2.79,P,1.19,1.19,A,0.4,0.4,P,1.99,1.99,P,2.39,2.39,P,5.99,5.99,P,0.79,0.79,P,2.19,2.19,0,25.52,25.52
105,FM0000957862,8/1/2019 19:43,Key Food,32-15 NEWTOWN AVENUE,11102,11102,QUEENS,40.766699,-73.920156,1006367,218616,3604101,401,"NYC-Queens Community District 1--Astoria & Long Island City PUMA, New York",P,5.69,5.69,P,1.89,1.89,A,1.391304348,1.391304348,P,0.99,0.99,A,1.25,1.25,P,0.98,0.98,P,2.49,2.49,P,2.98,2.98,P,0.79,0.79,P,1.39,1.39,0,19.84130435,19.84130435
106,FM0000968205,3/13/2019 15:43,C-Town,228 BROOK AVENUE,10454,10454,BRONX,40.807233,-73.91945,1006549,233384,3603710,201,"NYC-Bronx Community District 1 & 2--Hunts Point, Longwood & Melrose PUMA; New York",P,3.99,3.99,P,2.5,2.5,A,0.99,0.99,P,0.99,0.99,A,0.5,0.5,P,1.99,1.99,M,,2.715092644,P,2.99,2.99,P,0.59,0.59,P,2.59,2.59,1,,19.84509264
107,FM0000975369,8/1/2019 20:32,Key Food,46-02 QUEENS BOULEVARD,11104,11104,QUEENS,40.743129,-73.918546,1006821,210029,3604109,402,"NYC-Queens Community District 2--Sunnyside & Woodside PUMA, New York",P,6.49,6.49,P,2.5,2.5,P,1.29,1.29,P,0.99,0.99,A,0.8,0.8,P,0.98,0.98,P,2.19,2.19,P,2,2,P,0.59,0.59,P,0.89,0.89,0,18.72,18.72
108,FM0000987176,3/13/2019 16:22,C-Town,256 ST ANN'S AVENUE,10454,10454,BRONX,40.807174,-73.917229,1007164,233363,3603710,201,"NYC-Bronx Community District 1 & 2--Hunts Point, Longwood & Melrose PUMA; New York",P,5.99,5.99,P,2.99,2.99,P,2.49,2.49,P,0.99,0.99,A,0.398,0.398,M,,2.000669772,A,,2.001621082,P,3.99,3.99,P,0.59,0.59,P,1.89,1.89,2,,23.33029085
109,FM0000987210,8/2/2019 15:35,Pioneer Supermarket,256 ST ANN'S AVENUE,10454,10454,BRONX,40.807174,-73.917229,1007164,233363,3603710,201,"NYC-Bronx Community District 1 & 2--Hunts Point, Longwood & Melrose PUMA; New York",A,2.263888889,2.263888889,P,2,2,A,1.69,1.69,P,0.99,0.99,A,0.5,0.5,A,,1.457328341,P,2.39,2.39,P,3.49,3.49,P,0.59,0.59,P,4.29,4.29,1,,19.66121723
110,FM0000998583,3/28/2019 19:28,C-Town,1750 DR MARTIN LUTHER KING JR BLVD,10453,10453,BRONX,40.849322,-73.917079,1007191,248719,3603707,205,"NYC-Bronx Community District 5--Morris Heights, Fordham South & Mount Hope PUMA; New York",P,4.99,4.99,P,2.99,2.99,P,2.49,2.49,P,0.99,0.99,A,0.666666667,0.666666667,P,1.99,1.99,P,2.49,2.49,P,6.49,6.49,P,0.89,0.89,P,2.49,2.49,0,26.47666667,26.47666667
111,FM0001006662,8/2/2019 17:10,Key Food,760 MELROSE AVENUE,10451,10451,BRONX,40.821431,-73.915289,1007696,238558,3603710,201,"NYC-Bronx Community District 1 & 2--Hunts Point, Longwood & Melrose PUMA; New York",A,3.99,3.99,P,1.99,1.99,P,0.99,0.99,P,0.99,0.99,A,1,1,P,0.99,0.99,P,2.69,2.69,P,2.5,2.5,P,0.69,0.69,P,2.19,2.19,0,18.02,18.02
112,FM0001006663,3/13/2019 19:14,Key Food ,760 MELROSE AVENUE,10451,10451,BRONX,40.821431,-73.915289,1007696,238558,3603710,201,"NYC-Bronx Community District 1 & 2--Hunts Point, Longwood & Melrose PUMA; New York",P,3.99,3.99,P,2.49,2.49,A,0.99,0.99,P,0.99,0.99,A,0.5,0.5,P,1.99,1.99,P,2.69,2.69,P,2.99,2.99,P,0.69,0.69,P,1.67,1.67,0,18.99,18.99
113,FM0001016954,4/11/2019 17:10,Food Universe,148 EAST 170 STREET,10452,10452,BRONX,40.839055,-73.914663,1007863,244979,3603708,204,"NYC-Bronx Community District 4--Concourse, Highbridge & Mount Eden PUMA; New York",P,5.81,5.81,P,2.5,2.5,P,2.49,2.49,P,0.99,0.99,A,0.5,0.5,A,,1.793605578,P,2.59,2.59,P,2,2,P,0.69,0.69,P,2.49,2.49,1,,21.85360558
114,FM0001026771,4/11/2019 16:45,Fine Fare Supermarkets,49 EAST MOUNT EDEN AVENUE,10452,10452,BRONX,40.843934,-73.913728,1008120,246757,3603708,204,"NYC-Bronx Community District 4--Concourse, Highbridge & Mount Eden PUMA; New York",P,5.69,5.69,P,1.99,1.99,P,3.29,3.29,P,1.29,1.29,A,0.8,0.8,A,1.49,1.49,P,2.99,2.99,M,,4.566394986,P,0.89,0.89,P,2.29,2.29,1,,25.28639499
115,FM0001029980,3/29/2019 17:09,Super Pioneer Supermarket,1657 BROADWAY,11207,11207,BROOKLYN,40.684618,-73.913458,1008252,188713,3604002,304,"NYC-Brooklyn Community District 4--Bushwick PUMA, New York",P,5.99,5.99,P,2.59,2.59,A,0.99,0.99,P,1.29,1.29,A,0.331666667,0.331666667,P,2.99,2.99,P,2.79,2.79,P,3.99,3.99,P,0.5,0.5,P,2.79,2.79,0,24.25166667,24.25166667
116,FM0001044775,8/2/2019 17:33,Foodtown,3100 3 AVENUE,10451,10451,BRONX,40.821566,-73.912106,1008577,238608,3603710,201,"NYC-Bronx Community District 1 & 2--Hunts Point, Longwood & Melrose PUMA; New York",P,6.99,6.99,P,2,2,P,3.49,3.49,P,0.99,0.99,A,1,1,P,1.49,1.49,P,2.69,2.69,P,2.99,2.99,P,0.69,0.69,P,1.66,1.66,0,23.99,23.99
117,FM0001053388,4/15/2019 19:13,Key Food,22-15 31 STREET,11105,11105,QUEENS,40.775838,-73.911043,1008888,221948,3604101,401,"NYC-Queens Community District 1--Astoria & Long Island City PUMA, New York",P,6.29,6.29,P,2.49,2.49,P,1.99,1.99,P,0.99,0.99,A,0.5,0.5,P,1.99,1.99,P,2.49,2.49,P,2.99,2.99,P,0.79,0.79,P,1.79,1.79,0,22.31,22.31
118,FM0001065161,3/28/2019 19:27,Key Food,1791 WALTON AVENUE,10453,10453,BRONX,40.848015,-73.909927,1009170,248245,3603707,205,"NYC-Bronx Community District 5--Morris Heights, Fordham South & Mount Hope PUMA; New York",P,2.99,2.99,P,1.99,1.99,P,1.99,1.99,P,0.99,0.99,A,1,1,P,2.49,2.49,P,2.29,2.29,P,3.49,3.49,P,0.69,0.69,P,1.99,1.99,0,19.91,19.91
119,FM0001073369,3/13/2019 19:13,C-Town,3220 3 AVENUE,10456,10451,BRONX,40.82348,-73.909043,1009424,239306,3603705,203,"NYC-Bronx Community District 3 & 6--Belmont, Crotona Park East & East Tremont PUMA; New York",P,6.59,6.59,P,2.5,2.5,A,0.99,0.99,P,0.89,0.89,A,0.398,0.398,A,,1.214235266,P,2.59,2.59,P,2.5,2.5,M,,0.362284334,M,,1.878634816,3,,19.91315442
120,FM0001081893,4/15/2019 18:50,Trade Fair,37-11 DITMARS BOULEVARD,11105,11105,QUEENS,40.773758,-73.907327,1009918,221191,3604101,401,"NYC-Queens Community District 1--Astoria & Long Island City PUMA, New York",P,5.99,5.99,P,2.5,2.5,P,1.99,1.99,P,0.79,0.79,A,0.285714286,0.285714286,P,1.5,1.5,P,2.49,2.49,P,4.99,4.99,P,0.69,0.69,P,0.99,0.99,0,22.21571429,22.21571429
121,FM0001093434,4/8/2019 20:18,Bravo ,248 EAST 174 STREET,10457,10457,BRONX,40.844692,-73.906863,1010019,247035,3603708,204,"NYC-Bronx Community District 4--Concourse, Highbridge & Mount Eden PUMA; New York",P,5.99,5.99,P,2.5,2.5,A,0.99,0.99,P,0.99,0.99,A,0.25,0.25,P,2.49,2.49,P,2.49,2.49,P,4.99,4.99,P,0.79,0.79,P,2.49,2.49,0,23.97,23.97
122,FM0001103393,3/28/2019 19:28,Food Universe Marketplace ,148 EAST BURNSIDE AVENUE,10453,10453,BRONX,40.852452,-73.904629,1010634,249863,3603707,205,"NYC-Bronx Community District 5--Morris Heights, Fordham South & Mount Hope PUMA; New York",P,5.99,5.99,P,1.99,1.99,P,1.99,1.99,P,0.99,0.99,A,1,1,P,1.99,1.99,P,2.39,2.39,P,5.49,5.49,P,0.59,0.59,M,,1.463281224,1,,23.88328122
123,FM0001110329,4/15/2019 18:33,Berry Fresh Farms,43-26 DITMARS BOULEVARD,11105,11105,QUEENS,40.771238,-73.903792,1010898,220274,3604101,401,"NYC-Queens Community District 1--Astoria & Long Island City PUMA, New York",P,4.99,4.99,P,2.5,2.5,P,1.69,1.69,P,0.79,0.79,A,0.2,0.2,P,0.99,0.99,P,2.49,2.49,P,1.99,1.99,P,0.69,0.69,P,2.79,2.79,0,19.12,19.12
124,FM0001121376,4/8/2019 20:18,C-Town,3690 3 AVENUE,10456,10456,BRONX,40.834976,-73.90353,1010945,243496,3603705,203,"NYC-Bronx Community District 3 & 6--Belmont, Crotona Park East & East Tremont PUMA; New York",P,4.99,4.99,P,1.5,1.5,P,2.99,2.99,P,1.09,1.09,A,0.5,0.5,P,1.89,1.89,P,2.39,2.39,P,4.59,4.59,P,0.79,0.79,P,1.67,1.67,0,22.4,22.4
125,FM0001127564,8/1/2019 21:15,Key Food,61-10 QUEENS BOULEVARD,11377,11377,QUEENS,40.741347,-73.903226,1011067,209384,3604109,402,"NYC-Queens Community District 2--Sunnyside & Woodside PUMA, New York",P,5.99,5.99,P,1.89,1.89,P,1.99,1.99,P,0.99,0.99,A,1.25,1.25,P,0.98,0.98,P,2.39,2.39,P,3.98,3.98,P,0.69,0.69,P,1.6,1.6,0,21.75,21.75
126,FM0001141681,4/12/2019 19:34,Associated Supermarket,125 WEST KINGSBRIDGE ROAD,10468,10468,BRONX,40.86885,-73.902621,1011183,255838,3603701,208,"NYC-Bronx Community District 8--Riverdale, Fieldston & Kingsbridge PUMA; New York",P,5.79,5.79,P,2.5,2.5,P,1.79,1.79,P,0.99,0.99,A,0.666666667,0.666666667,A,,1.4098514,P,2.69,2.69,P,3.49,3.49,P,0.79,0.79,P,1.99,1.99,1,,22.10651807
127,FM0001151266,4/12/2019 19:34,C-Town,2891 SEDGWICK AVENUE,10468,10468,BRONX,40.87486,-73.901314,1011542,258028,3603701,208,"NYC-Bronx Community District 8--Riverdale, Fieldston & Kingsbridge PUMA; New York",P,4.99,4.99,P,2.99,2.99,A,3.537777778,3.537777778,P,0.99,0.99,A,0.331666667,0.331666667,A,1.33,1.33,P,2.29,2.29,P,4.99,4.99,P,0.79,0.79,P,1.59,1.59,0,23.82944444,23.82944444
128,FM0001160416,4/8/2019 20:18,C-Town,309 EAST BURNSIDE AVENUE,10457,10457,BRONX,40.850588,-73.901133,1011602,249185,3603707,205,"NYC-Bronx Community District 5--Morris Heights, Fordham South & Mount Hope PUMA; New York",P,5.99,5.99,P,2.5,2.5,A,0.88,0.88,P,0.99,0.99,A,0.331666667,0.331666667,A,1.5,1.5,P,2.49,2.49,P,2.5,2.5,P,0.79,0.79,P,1.99,1.99,0,19.96166667,19.96166667
129,FM0001165775,6/7/2019 18:45,Associated ,63-01 ROOSEVELT AVENUE,11377,11377,QUEENS,40.745855,-73.900942,1011698,211027,3604109,402,"NYC-Queens Community District 2--Sunnyside & Woodside PUMA, New York",A,4.292682927,4.292682927,P,1.99,1.99,A,0.99,0.99,P,0.49,0.49,A,0.666666667,0.666666667,P,0.99,0.99,P,2.19,2.19,M,,5.210125421,P,0.49,0.49,P,1.39,1.39,1,,18.69947501
130,FM0001178350,4/8/2019 20:18,C-Town,630 EAST 169 STREET,10456,10456,BRONX,40.831334,-73.900883,1011679,242170,3603705,203,"NYC-Bronx Community District 3 & 6--Belmont, Crotona Park East & East Tremont PUMA; New York",P,4.99,4.99,P,2.5,2.5,A,1.99,1.99,P,0.99,0.99,A,0.5,0.5,A,,1.972443123,P,2.59,2.59,M,,2.444052031,P,0.79,0.79,P,2.59,2.59,2,,21.35649515
131,FM0001181291,4/26/2019 16:49,Food World,935 EAST 107 STREET,11236,11236,BROOKLYN,40.647735,-73.892479,1014087,175282,3604009,318,"NYC-Brooklyn Community District 18--Canarsie & Flatlands PUMA, New York",P,5.99,5.99,P,1.79,1.79,P,1.99,1.99,P,0.99,0.99,A,0.8,0.8,P,1.59,1.59,P,2.59,2.59,P,1.5,1.5,P,0.69,0.69,P,0.99,0.99,0,18.92,18.92
132,FM0001197165,5/2/2019 17:32,Key Food,1050 WESTCHESTER AVENUE,10459,10459,BRONX,40.82473,-73.89177,1014204,239767,3603710,202,"NYC-Bronx Community District 1 & 2--Hunts Point, Longwood & Melrose PUMA; New York",P,5.29,5.29,P,1.79,1.79,P,2.99,2.99,P,0.99,0.99,A,0.4,0.4,P,2.49,2.49,P,2.29,2.29,P,1.99,1.99,P,0.69,0.69,P,2.29,2.29,0,21.21,21.21
133,FM0001201815,4/26/2019 18:10,Stop & Shop,64-66 MYRTLE AVENUE,11385,11385,QUEENS,40.701068,-73.891174,1014425,194713,3604110,405,"NYC-Queens Community District 5--Ridgewood, Glendale & Middle Village PUMA; New York",P,6.49,6.49,P,1.99,1.99,P,2.49,2.49,P,1.49,1.49,A,1,1,P,2.99,2.99,P,2.59,2.59,P,1.66,1.66,P,0.59,0.59,P,1.89,1.89,0,23.18,23.18
134,FM0001217213,4/8/2019 20:18,Fine Fare Supermarkets,708 EAST TREMONT AVENUE,10457,10457,BRONX,40.845227,-73.890771,1014471,247235,3603705,206,"NYC-Bronx Community District 3 & 6--Belmont, Crotona Park East & East Tremont PUMA; New York",P,4.99,4.99,P,1.99,1.99,A,3.225,3.225,P,0.99,0.99,A,0.25,0.25,P,2,2,P,2.29,2.29,P,3.99,3.99,P,0.65,0.65,P,2,2,0,22.375,22.375
135,FM0001223201,4/4/2019 19:20,Foodtown ,76-10 37 AVENUE,11372,11372,QUEENS,40.749177,-73.889698,1014812,212241,3604102,403,"NYC-Queens Community District 3--Jackson Heights & North Corona PUMA, New York",P,6.49,6.49,P,2.5,2.5,P,2.49,2.49,P,0.79,0.79,A,0.299,0.299,P,1.49,1.49,P,2.29,2.29,P,6.49,6.49,P,0.59,0.59,P,2.19,2.19,0,25.619,25.619
136,FM0001236977,4/12/2019 19:34,Fine Fare Supermarkets,3131 GRAND CONCOURSE,10468,10468,BRONX,40.875129,-73.886304,1015693,258131,3603706,207,"NYC-Bronx Community District 7--Bedford Park, Fordham North & Norwood PUMA; New York",P,5.49,5.49,P,1.99,1.99,P,2.49,2.49,P,0.99,0.99,A,0.4,0.4,P,1.99,1.99,P,2.19,2.19,P,3.99,3.99,P,0.89,0.89,P,2.39,2.39,0,22.81,22.81
137,FM0001242610,4/4/2019 19:20,Key Food,86-02 NORTHERN BOULEVARD,11372,11372,QUEENS,40.755959,-73.881493,1017082,214715,3604102,403,"NYC-Queens Community District 3--Jackson Heights & North Corona PUMA, New York",P,5.49,5.49,P,2.5,2.5,P,2.29,2.29,P,0.99,0.99,A,0.4,0.4,P,3.49,3.49,P,2.69,2.69,P,6.99,6.99,P,0.5,0.5,P,1.39,1.39,0,26.73,26.73
138,FM0001251901,4/4/2019 19:20,Trade Fair ,89-02 37 AVENUE,11372,11372,QUEENS,40.750441,-73.877649,1018150,212706,3604102,403,"NYC-Queens Community District 3--Jackson Heights & North Corona PUMA, New York",P,5.99,5.99,P,2.5,2.5,P,1.99,1.99,P,0.79,0.79,A,0.285714286,0.285714286,P,1.99,1.99,P,2.39,2.39,P,7.99,7.99,P,0.69,0.69,P,1.79,1.79,0,26.40571429,26.40571429
139,FM0001261337,4/4/2019 19:21,Key Food,37-54 90 STREET,11372,11372,QUEENS,40.749397,-73.876676,1018420,212326,3604102,403,"NYC-Queens Community District 3--Jackson Heights & North Corona PUMA, New York",P,4.99,4.99,P,1.79,1.79,P,2.39,2.39,P,0.99,0.99,A,0.43,0.43,P,1.99,1.99,P,2.49,2.49,P,5.99,5.99,P,0.79,0.79,P,1.99,1.99,0,23.84,23.84
140,FM0001267376,4/26/2019 16:15,Key Food,1215 SUTTER AVENUE,11208,11208,BROOKLYN,40.672611,-73.873076,1019458,184352,3604008,305,"NYC-Brooklyn Community District 5--East New York & Starrett City PUMA, New York",P,3.49,3.49,P,1.99,1.99,P,1.99,1.99,P,0.99,0.99,A,0.666666667,0.666666667,P,2.99,2.99,P,2.49,2.49,P,1.99,1.99,P,0.59,0.59,P,1.99,1.99,0,19.17666667,19.17666667
141,FM0001280533,7/25/2019 18:22,Food Bazaar,34-20 JUNCTION BOULEVARD,11372,11372,QUEENS,40.754464,-73.872404,1019601,214174,3604102,403,"NYC-Queens Community District 3--Jackson Heights & North Corona PUMA, New York",P,5.69,5.69,P,2,2,P,1.49,1.49,P,0.79,0.79,A,0.666666667,0.666666667,P,1.99,1.99,P,2.99,2.99,P,2,2,P,0.69,0.69,P,1.19,1.19,0,19.49666667,19.49666667
142,FM0001293911,5/6/2019 17:27,Key Food,2711 WHITE PLAINS ROAD,10467,10467,BRONX,40.865686,-73.867364,1020936,254698,3603704,211,"NYC-Bronx Community District 11--Pelham Parkway, Morris Park & Laconia PUMA; New York",P,6.99,6.99,P,2.5,2.5,P,2.99,2.99,P,0.99,0.99,A,0.666666667,0.666666667,P,2.99,2.99,P,2.78,2.78,P,1.95,1.95,P,0.69,0.69,P,1.67,1.67,0,24.21666667,24.21666667
143,FM0001296629,4/29/2019 15:19,C-Town,74-39 JAMAICA AVENUE,11421,11421,QUEENS,40.69134,-73.867101,1021105,191178,3604111,409,"NYC-Queens Community District 9--Richmond Hill & Woodhaven PUMA, New York",P,6.09,6.09,P,1.99,1.99,P,2.99,2.99,P,0.99,0.99,A,0.398,0.398,P,2.49,2.49,P,1.99,1.99,P,1.99,1.99,P,0.79,0.79,P,1.89,1.89,0,21.608,21.608
144,FM0001309039,7/25/2019 18:49,Key Food,102-14 37 AVENUE,11368,11368,QUEENS,40.753064,-73.865159,1021609,213667,3604102,403,"NYC-Queens Community District 3--Jackson Heights & North Corona PUMA, New York",P,5.49,5.49,P,1.99,1.99,A,1.49,1.49,P,0.89,0.89,A,0.663333333,0.663333333,P,1.49,1.49,P,2.39,2.39,P,3.99,3.99,P,0.79,0.79,P,1.79,1.79,0,20.97333333,20.97333333
145,FM0001309040,3/11/2019 20:04,Key Food ,102-14 37 AVENUE,11368,11368,QUEENS,40.753064,-73.865159,1021609,213667,3604102,403,"NYC-Queens Community District 3--Jackson Heights & North Corona PUMA, New York",A,5.293650794,5.293650794,P,2.99,2.99,A,1.49,1.49,P,0.99,0.99,A,1,1,A,0.996666667,0.996666667,A,,2.598107305,P,1.99,1.99,P,0.79,0.79,P,1.99,1.99,1,,20.12842477
146,FM0001317664,6/6/2019 15:11,Aldi,61-11 JUNCTION BOULEVARD,11374,11374,QUEENS,40.733466,-73.864185,1021890,206527,3604108,406,"NYC-Queens Community District 6--Forest Hills & Rego Park PUMA, New York",P,4.29,4.29,P,1.49,1.49,P,1.1,1.1,P,0.4,0.4,P,0.303125,0.303125,A,,4.946361542,P,1.99,1.99,P,1.99,1.99,P,0.44,0.44,P,0.99,0.99,1,,17.93948654
147,FM0001327521,3/11/2019 20:58,Ideal Food Basket ,99-30 CORONA AVENUE,11368,11368,QUEENS,40.744322,-73.862348,1022393,210483,3604107,404,"NYC-Queens Community District 4--Elmhurst & South Corona PUMA, New York",P,4.99,4.99,P,1.5,1.5,P,1.99,1.99,P,0.99,0.99,A,1,1,P,2.5,2.5,P,2.49,2.49,P,2,2,P,0.49,0.49,P,1.89,1.89,0,19.84,19.84
148,FM0001340183,5/2/2019 18:15,C-Town,100 HUGH J GRANT CIRCLE,10472,10472,BRONX,40.83266,-73.861081,1022693,242668,3603709,209,"NYC-Bronx Community District 9--Castle Hill, Clason Point & Parkchester PUMA; New York",P,5.99,5.99,P,1.99,1.99,P,2.29,2.29,P,0.99,0.99,A,0.398,0.398,P,1.69,1.69,P,2.29,2.29,P,1.67,1.67,P,0.79,0.79,P,2.99,2.99,0,21.088,21.088
149,FM0001350092,5/2/2019 18:38,Key Food,1511 METROPOLITAN AVENUE,10462,10462,BRONX,40.839343,-73.858671,1023356,245104,3603709,209,"NYC-Bronx Community District 9--Castle Hill, Clason Point & Parkchester PUMA; New York",P,5.89,5.89,P,1.79,1.79,P,2.99,2.99,P,0.99,0.99,A,1.25,1.25,P,1.99,1.99,P,2.69,2.69,P,1.99,1.99,M,,0.923497582,P,1.69,1.69,1,,22.19349758
150,FM0001360450,5/6/2019 17:49,Foodtown,1000 ALLERTON AVENUE,10469,10469,BRONX,40.865483,-73.858532,1023379,254628,3603704,211,"NYC-Bronx Community District 11--Pelham Parkway, Morris Park & Laconia PUMA; New York",P,5.69,5.69,P,3.69,3.69,P,1.99,1.99,P,0.99,0.99,A,0.666666667,0.666666667,P,1.99,1.99,P,2.59,2.59,P,2.5,2.5,P,0.79,0.79,P,2.39,2.39,0,23.28666667,23.28666667
151,FM0001370283,5/6/2019 18:32,Key Food,4171 WHITE PLAINS ROAD,10466,10466,BRONX,40.892902,-73.85766,1023604,264618,3603702,212,"NYC-Bronx Community District 12--Wakefield, Williamsbridge & Woodlawn PUMA; New York",P,4.69,4.69,P,1.99,1.99,P,1.99,1.99,P,0.99,0.99,A,0.4,0.4,P,1.99,1.99,P,2.79,2.79,P,1.95,1.95,P,0.69,0.69,P,1.49,1.49,0,18.97,18.97
152,FM0001375224,3/11/2019 20:36,Key Food,46-20 108 STREET,11368,11368,QUEENS,40.747068,-73.856892,1023903,211486,3604107,404,"NYC-Queens Community District 4--Elmhurst & South Corona PUMA, New York",A,2.987951807,2.987951807,P,2.99,2.99,A,3.725,3.725,P,1.2,1.2,A,0.333333333,0.333333333,P,1.99,1.99,P,2.59,2.59,P,1.67,1.67,P,0.69,0.69,P,2,2,0,20.17628514,20.17628514
153,FM0001388279,5/2/2019 19:04,Key Food ,2722 EAST TREMONT AVENUE,10461,10461,BRONX,40.84243,-73.845151,1027095,246235,3603703,210,"NYC-Bronx Community District 10--Co-op City, Pelham Bay & Schuylerville PUMA; New York",P,5.49,5.49,P,1.99,1.99,A,0.99,0.99,P,0.99,0.99,A,1,1,P,1.99,1.99,P,2.79,2.79,P,1.99,1.99,P,0.79,0.79,P,2.79,2.79,0,20.81,20.81
154,FM0001393219,4/23/2019 15:37,Key Food,108-27 QUEENS BOULEVARD,11375,11375,QUEENS,40.721297,-73.843607,1027601,202103,3604108,406,"NYC-Queens Community District 6--Forest Hills & Rego Park PUMA, New York",P,7.59,7.59,P,2.99,2.99,P,2.99,2.99,P,0.99,0.99,A,1,1,P,1.99,1.99,P,2.59,2.59,P,2.5,2.5,P,0.89,0.89,P,1.69,1.69,0,25.22,25.22
155,FM0001404578,6/5/2019 18:57,Sky Foods,40-24 COLLEGE POINT BOULEVARD,11354,11354,QUEENS,40.757451,-73.834054,1030224,215280,3604103,407,"NYC-Queens Community District 7--Flushing, Murray Hill & Whitestone PUMA; New York",A,4.990740741,4.990740741,M,,2.664909909,P,0.99,0.99,P,0.99,0.99,A,0.598,0.598,P,1.99,1.99,P,2.59,2.59,P,3.99,3.99,M,,0.354944532,M,,1.587722953,3,,20.74631814
156,FM0001411946,7/26/2019 20:59,Key Food,116-34 QUEENS BOULEVARD,11375,11375,QUEENS,40.71596,-73.833346,1030449,200164,3604108,406,"NYC-Queens Community District 6--Forest Hills & Rego Park PUMA, New York",P,6.99,6.99,P,1.89,1.89,P,1.99,1.99,P,0.99,0.99,A,,0.862152317,P,0.98,0.98,P,2.69,2.69,P,2.98,2.98,P,0.89,0.89,P,2.99,2.99,1,,23.25215232
157,FM0001423960,6/5/2019 19:44,H Mart,141-40 NORTHERN BOULEVARD,11354,11354,QUEENS,40.764391,-73.825539,1032578,217813,3604103,407,"NYC-Queens Community District 7--Flushing, Murray Hill & Whitestone PUMA; New York",P,6.99,6.99,P,3.99,3.99,P,0.99,0.99,P,0.79,0.79,A,0.79,0.79,P,1.79,1.79,P,2.79,2.79,P,4.99,4.99,P,0.79,0.79,M,,1.902580218,1,,25.81258022
158,FM0001433534,6/5/2019 19:59,Great Wall Supermarket ,144-50 NORTHERN BOULEVARD,11354,11354,QUEENS,40.764705,-73.822971,1033289,217929,3604103,407,"NYC-Queens Community District 7--Flushing, Murray Hill & Whitestone PUMA; New York",M,,7.453794781,P,3.99,3.99,P,1.29,1.29,P,0.69,0.69,A,0.4975,0.4975,P,1.29,1.29,P,2.89,2.89,P,2.99,2.99,P,0.69,0.69,M,,1.662657978,2,,23.44395276
159,FM0001439884,4/29/2019 16:24,Key Food,138-37 QUEENS BOULEVARD,11435,11435,QUEENS,40.708114,-73.817938,1034726,197314,3604106,408,"NYC-Queens Community District 8--Briarwood, Fresh Meadows & Hillcrest PUMA; New York",P,5.99,5.99,P,1.99,1.99,P,2.99,2.99,P,0.99,0.99,A,0.333333333,0.333333333,P,1.99,1.99,P,2.79,2.79,P,2.99,2.99,P,0.69,0.69,P,2.99,2.99,0,23.74333333,23.74333333
160,FM0001448947,5/3/2019 16:50,C-Town ,134-16 LIBERTY AVENUE,11419,11419,QUEENS,40.691459,-73.812492,1036249,191249,3604113,410,"NYC-Queens Community District 10--Howard Beach & Ozone Park PUMA, New York",P,4.99,4.99,P,1.99,1.99,P,1.99,1.99,P,0.99,0.99,A,0.5,0.5,P,1.99,1.99,P,2.79,2.79,P,1.5,1.5,P,0.79,0.79,P,1.25,1.25,0,18.78,18.78
161,FM0001458780,4/29/2019 15:54,Food World,148-35 JAMAICA AVENUE,11435,11435,QUEENS,40.701826,-73.806065,1038023,195030,3604112,412,"NYC-Queens Community District 12--Jamaica, Hollis & St. Albans PUMA; New York",P,3.99,3.99,P,1.99,1.99,P,1.99,1.99,P,0.99,0.99,A,1,1,A,1.99,1.99,P,2.29,2.29,P,1.25,1.25,P,0.69,0.69,P,0.99,0.99,0,17.17,17.17
162,FM0001471044,5/8/2019 15:27,Foodtown ,47-33 BELL BOULEVARD,11361,11361,QUEENS,40.756438,-73.767468,1048672,214953,3604104,411,"NYC-Queens Community District 11--Bayside, Douglaston & Little Neck PUMA; New York",P,5.69,5.69,P,2,2,P,2.49,2.49,P,0.99,0.99,A,1.25,1.25,P,1.99,1.99,P,2.49,2.49,P,2.99,2.99,P,0.79,0.79,M,,1.571478232,1,,22.25147823
163,FM0001479595,5/8/2019 16:02,Key Food,214-14 73 AVENUE,11364,11364,QUEENS,40.740363,-73.759711,1050837,209102,3604104,411,"NYC-Queens Community District 11--Bayside, Douglaston & Little Neck PUMA; New York",P,5.99,5.99,P,1.99,1.99,P,1.99,1.99,P,1.29,1.29,A,1.25,1.25,P,1.99,1.99,P,2.79,2.79,P,2.99,2.99,P,0.79,0.79,P,2.79,2.79,0,23.86,23.86
