,StoreID,CreationDate,StoreName,StoreAddress,ZCTA,ZIPcode,BoroName,latitude,longitude,Xcoord,Ycoord,Census.2010.PUMA,CD.Code,Census.CD.Name,DiscountCard,OrangesSold,OrangesPrefSold,OrangesBrand,OrangesPrefPrice,OrangesPrefSale,OrangesAlt,OrangesAltBrand,OrangesAltUnit,OrangesAltAmount,OrangesAltPrice,OrangesAltSale,OrangesComments,OrangesOrganic,BananasPrefSold,BananasPrefBrand,BananasPrefPrice,BananasOrganic,BananasPrefSale,StrawberriesPrefSold,StrawberriesPrefBrand,StrawberriesPrefPrice,StrawberriesPrefSale,StrawberriesOrganic,TomatoesSold,TomatoesPrefSold,TomatoesPrefBrand,TomatoesPrefPrice,TomatoesPrefSale,TomatoesAlt,TomatoesAltBrand,TomatoesAltUnit,TomatoesAltAmount,TomatoesAltPrice,TomatoesAltSale,TomatoesComments,TomatoesOrganic,LettuceSold,LettucePrefSold,LettucePrefBrand,LettucePrefPrice,LettucePrefSale,LettuceAlt,LettuceAltBrand,LettuceAltAmount,LettuceAltPrice,LettuceAltSale,LettuceComment,LettuceOrganic,PotatoesSold,PotatoesPrefSold,PotatoesPrefBrand,PotatoesPrefPrice,PotatoesPrefSale,PotatoesAlt,PotatoesAltBrand,PotatoesAltUnit,PotatoesAltAmount,PotatoesAltPrice,PotatoesAltSale,PotatoesComments,PotatoesOrganic,BeefSold,BeefPrefSold,BeefPrefBrand,BeefPrefPrice,BeefPrefSale,BeefAltLean,BeefAlt,BeefAltBrand,BeefAltWeight,BeefAltPrice,BeefAltSale,BeefComment,BeefOrganic,MilkSold,MilkPrefSold,MilkPrefBrand,MilkPrefPrice,MilkPrefSale,MilkAltBrand,MilkAltSize,MilkAltFat,MilkAltPrice,MilkAltSale,MilkComment,MilkOrganic,EggsPrefSold,EggsPrefBrand,EggsPrefPrice,EggsOrganic,EggsPrefSale,BreadSold,BreadPrefSold,BreadPrefBrand,BreadPrefPrice,BreadPrefSale,BreadAlt,BreadAltBrand,BreadAltPrice,BreadAltSale,BreadComment
1,FM0000000054,5/10/2019 18:54,Stop & Shop,4343 AMBOY ROAD,10312,10312,STATEN ISLAND,40.545344,-74.160569,939624,138001,3603901,503,"NYC-Staten Island Community District 3--Tottenville, Great Kills & Annadale PUMA; New York",yes,yes,no,,,,Navel ,Sun pacific,piece,1,0.66,yes,,no,yes,Chiquita ,0.44,no,yes,yes,Driscoll’s ,2,yes,no,yes,yes,Sunset ,2.49,,,,,,,,,no,yes,yes,,1.99,,,,,,,,no,yes,yes,,1.29,,,,,,,,,no,yes_,yes,Stop & Shop ,5.69,,,,,,,,,no,yes,yes,Stop & Shop,2.19,,,,,,,,no,yes,Stop & Shop,1.59,no,,yes,yes,Stop & Shop,1.99,,,,,,
2,FM0000009956,5/10/2019 17:58,C-Town,2071 CLOVE ROAD,10304,10304,STATEN ISLAND,40.603962,-74.083657,961020,159327,3603902,502,"NYC-Staten Island Community District 2--New Springville & South Beach PUMA, New York",unknown,yes,no,,,,Navel ,Sunkist ,piece,6,1.99,yes,,no,yes,Dole,0.69,no,yes,yes,Driscoll’s ,2,yes,no,yes,yes,,1.99,yes,,,,,,,,no,yes,yes,,1.69,yes,,,,,,,no,yes,yes,,0.89,yes,,,,,,,,no,yes_,yes,CTown label (store brand),4.99,,,,,,,,,no,yes,yes,Cream O Land,1.99,yes,,,,,,,no,yes,Sunshine Farms ,1.79,no,yes,yes,yes,Sara Lee ,2.5,,,,,,
3,FM0000020048,5/10/2019 17:32,Key Food,155 BAY STREET,10301,10301,STATEN ISLAND,40.638214,-74.075882,963190,171804,3603903,501,"NYC-Staten Island Community District 1--Port Richmond, Stapleton & Mariner's Harbor PUMA; New York",unknown,yes,no,,,,Navel ,Sequoia ,piece,3,2,,,no,yes,Ms. Belinda ,0.79,no,,yes,Driscoll’s ,1.67,yes,no,yes,yes,Intergrow,1.99,yes,,,,,,,,no,yes,yes,,1.99,,,,,,,,no,yes,yes,Green Giant ,0.99,yes,,,,,,,,no,yes_,yes,Key Food label (store brand),5.99,,,,,,,,,no,yes,yes,Cream O Land ,2.79,,,,,,,,no,yes,Key Food ,0.99,no,yes,yes,yes,Urban Meadow Fresh ,1.99,,,,,,
4,FM0000029248,4/24/2019 19:03,Foodtown ,9105 3 AVENUE,11209,11209,BROOKLYN,40.620251,-74.032362,975266,165252,3604013,310,"NYC-Brooklyn Community District 10--Bay Ridge & Dyker Heights PUMA, New York",unknown,yes,no,,,,Large navel ,Sunkist ,piece,4,5,,,no,yes,Dole ,0.79,no,,yes,Central West,2.5,yes,no,yes,yes,Backyard Farms,3.79,,,,,,,,,no,yes,yes,,2.49,,,,,,,,no,yes,yes,,1.29,,,,,,,,,no,yes_,yes,Foodtown label (store brand),6.49,,,,,,,,,no,yes,yes,Foodtown ,2.79,,,,,,,,no,yes,Sunshine Farms,1.69,no,,yes,yes,Nature’s Own,2.49,,,,,,
5,FM0000039149,3/12/2019 17:22,Pioneer Supermarket , SUNSET PARK,11220,11232,BROOKLYN,40.64162,-74.013959,980376,173036,3604012,307,"NYC-Brooklyn Community District 7--Sunset Park & Windsor Terrace PUMA, New York",unknown,yes,no,,,,Navel ,Booth Ranchers,piece,1,0.99,yes,,no,yes,Chiquita ,0.99,no,,no,,,,,yes,no,,,,Plum,,pound,1,1.49,yes,,no,yes,no,,,,Romaine,Andy Boy,3 heads ,3.99,,,no,yes,yes,,0.99,yes,,,,,,,,no,yes_,yes,Black Canyon ,4.39,,,,,,,,,no,yes,yes,Derle Hygrade,2.59,,,,,,,,no,yes,Pine Belt,1.99,no,,yes,yes,Pepperidge Farm,2.99,,,,,,
6,FM0000048809,4/5/2019 19:59,Bravo ,4808 4 AVENUE,11220,11220,BROOKLYN,40.64748,-74.011542,981047,175171,3604012,307,"NYC-Brooklyn Community District 7--Sunset Park & Windsor Terrace PUMA, New York",unknown,yes,no,,,,Navel,Paramount ,piece,4,1,,,no,yes,Chiquita ,0.49,no,yes,yes,Beach Street Farms,4.99,,no,yes,no,,,,Slicing large tomatoes ,,pound,1,0.99,,,no,yes,yes,,1.99,,,,,,,,no,yes,yes,,0.99,,,,,,,,,no,yes_,yes,Bravo label (store brand),4.99,,,,,,,,,no,yes,yes,Derle Hygrade,2.49,yes,,,,,,,no,yes,Jack’s Egg Farm,1.79,no,,yes,yes,Nature’s Own ,2.5,,,,,,
7,FM0000058041,4/5/2019 19:59,Fresh Market ,6013 8 AVENUE,11220,11220,BROOKLYN,40.635351,-74.009692,981560,170752,3604014,312,"NYC-Brooklyn Community District 12--Borough Park, Kensington & Ocean Parkway PUMA; New York",unknown,yes,no,,,,Navel,,piece,4,1,,,no,yes,Dole,0.59,no,,no,,,,,yes,yes,Bell Flower ,1.69,,,,,,,,,no,yes,no,,,,Iceberg ,Foxy ,1 head,1.69,,,no,yes,yes,,0.79,,,,,,,,,no,yes_,no,,,,,Ground beef,New York Mart label (store brand),0.86,1.71,,,no,yes,no,,,,Derle Hygrade,1/2 gallon ,whole,2.79,,,no,no,,,,,yes,no,,,,White,Sara Lee,2.99,,
8,FM0000067773,3/12/2019 16:39, C-Town, SUNSET PARK,11220,11232,BROOKLYN,40.646685,-74.008667,981845,174881,3604012,307,"NYC-Brooklyn Community District 7--Sunset Park & Windsor Terrace PUMA, New York",unknown,yes,no,,,,Navel,Sunkist,piece,3,3,,,no,no,,,,,yes,Central West,2.99,,no,yes,no,,,,Not listed,,pound,1,1.49,,,no,yes,no,,,,Romaine,Foxy,3,3.49,yes,,no,yes,no,,,,Idaho ,GROP,pound,5,2.5,yes,,no,yes_,yes,C-Town,4.99,,,,,,,,,no,yes,yes,Midland Farms,2.49,,,,,,,,no,yes,Jack’s Egg Farm,1.59,no,,yes,yes,Stroehmann,2.5,,,,,,
9,FM0000077242,3/12/2019 17:00,City Fresh Market, SUNSET PARK,11220,11232,BROOKLYN,40.643657,-74.008227,981967,173778,3604012,307,"NYC-Brooklyn Community District 7--Sunset Park & Windsor Terrace PUMA, New York",unknown,yes,no,,,,Navel,Sunkist,piece,5,2,,,no,yes,Chiquita,0.49,no,,yes,Central West ,2.99,,no,yes,yes,Frank & Able,1.99,,,,,,,,,no,yes,yes,,1.99,,,,,,,,no,yes,yes,,0.79,,,,,,,,,no,yes_,yes,City Fresh Market,5.99,,,,,,,,,no,yes,yes,Derle Hygrade,2.39,,,,,,,,no,yes,Hillandale Farms,2.5,no,,yes,yes,Stroehmann,2.5,,,,,,
10,FM0000088664,4/22/2019 20:05,Fulton Market,55 FULTON STREET,10038,10038,MANHATTAN,40.708448,-74.004848,982906,197383,3603810,101,"NYC-Manhattan Community District 1 & 2--Battery Park City, Greenwich Village & Soho PUMA; New York",unknown,yes,no,,,,Navel,,piece,3,5,,,no,yes,Chiquita,0.79,no,,yes,Better Berry ,4.99,yes,no,yes,yes,Intergrow,1.99,yes,,,,,,,,no,yes,yes,,3.99,yes,,,,,,,no,yes,yes,,0.99,,,,,,,,,no,yes_,yes,Key food label (store brand),7.89,,,,,,,,,no,yes,yes,Cream O Land,2.99,,,,,,,,no,yes,Key Food,1.69,no,yes,yes,yes,Nature’s Own,2.5,,,,,,
11,FM0000095323,4/16/2019 18:15,Key Food ,3485 NEPTUNE AVENUE,11224,11224,BROOKLYN,40.577041,-74.001912,983719,149508,3604018,313,"NYC-Brooklyn Community District 13--Brighton Beach & Coney Island PUMA, New York",unknown,yes,no,,,,Navel,,piece,4,2,,,no,yes,Mrs. Belinda ,0.59,no,yes,yes,Supreme Berry Farms,2.99,,no,yes,yes,Double Diamond Farms ,2.99,,,,,,,,,no,yes,yes,,1.99,,,,,,,,no,yes,yes,,0.99,yes,,,,,,,,no,yes_,yes,Key Food label (store brand),5.69,,,,,,,,,no,yes,yes,Cream O Land,2.69,,,,,,,,no,yes,Key Food ,2.69,no,,yes,yes,Urban Meadow Fresh ,1.99,,,,,,
12,FM0000106275,3/12/2019 15:58,C-Town, SUNSET PARK,11232,11232,BROOKLYN,40.660392,-73.998111,984774,179875,3604012,307,"NYC-Brooklyn Community District 7--Sunset Park & Windsor Terrace PUMA, New York",unknown,yes,no,,,,Navel ,Sunkist,piece,5,5,yes,,no,yes,Chiquita ,0.89,no,,yes,Central West,3.99,,no,yes,yes,Magic Sun,2.99,yes,,,,,,,,no,yes,yes,,2.49,yes,,,,,,,no,yes,yes,,0.99,,,,,,,,,no,yes_,no,,,,80,,C-Town,2.43,8.97,yes,,no,yes,yes,Derle Hygrade,2.49,yes,,,,,,,no,yes,Pine Belt,2,no,,yes,yes,Krasdale,1.99,,,,,,
13,FM0000119169,5/1/2019 19:55,Gristedes ,307 WEST 26 STREET,10001,10001,MANHATTAN,40.747352,-73.997423,984964,211557,3603807,104,"NYC-Manhattan Community District 4 & 5--Chelsea, Clinton & Midtown Business District PUMA; New York",yes,yes,no,,,,Navel ,Sunkist ,piece,3,5,,,no,yes,Dole,0.89,no,,yes,Driscoll’s ,3.99,yes,yes,yes,yes,Backyard Farms,4.99,,,,,,,,,no,yes,yes,,2.99,,,,,,,,no,yes,yes,,1.49,,,,,,,,,no,yes_,yes,Gristedes label (store brand),7.99,,,,,,,,,no,yes,yes,Tuscan ,2.69,,,,,,,,no,yes,Best Yet,2.99,no,,yes,yes,Nature’s Own,3.49,,,,,,
14,FM0000123788,4/16/2019 18:39,Fine Fare Supermarkets,2901 MERMAID AVENUE,11224,11224,BROOKLYN,40.575444,-73.995544,985488,148926,3604018,313,"NYC-Brooklyn Community District 13--Brighton Beach & Coney Island PUMA, New York",unknown,yes,no,,,,Navel,Sunkist ,piece,5,2,yes,,no,yes,Bonita,0.69,no,yes,yes,Ocean Spray,2.99,yes,no,yes,yes,Bona Fresh ,2.99,yes,,,,,,,,no,yes,yes,,1.49,,,,,,,,no,yes,yes,,1.29,,,,,,,,,no,yes_,yes,Black Canyon ,5.89,,,,,,,,,no,yes,yes,Cream O Land,2.49,yes,,,,,,,no,yes,Nelms Eggs,2,no,,yes,yes,Nature’s Own,1.99,,,,,,
15,FM0000135882,5/9/2019 19:21,Gristedes,101 CLARK STREET,11201,11201,BROOKLYN,40.697285,-73.992304,986384,193316,3604004,302,"NYC-Brooklyn Community District 2--Brooklyn Heights & Fort Greene PUMA, New York",yes,yes,no,,,,Navel,Sunkist ,piece,3,5,,,no,yes,Dole,0.89,no,,yes,Driscoll’s ,3.99,yes,yes,yes,yes,Backyard Farms ,2.99,yes,,,,,,,,no,yes,yes,,2.99,,,,,,,,no,yes,yes,,1.49,,,,,,,,,no,yes_,yes,Gristedes label (store brand),7.99,,,,,,,,,no,yes,yes,Dairy pure,2.69,,,,,,,,no,yes,Best yet ,2.89,no,,yes,yes,Nature’s Own ,3.49,,,,,,
16,FM0000146766,3/28/2019 13:19,Whole Foods Market,95 EAST HOUSTON STREET,10002,10002,MANHATTAN,40.724021,-73.992251,986398,203057,3603809,103,"NYC-Manhattan Community District 3--Chinatown & Lower East Side PUMA, New York",unknown,yes,yes,Sunkist,1.79,,,,,,,,,no,yes,,0.49,no,,yes,Driscoll’s ,3.49,yes,no,yes,yes,Backyard Farms,1.99,,,,,,,,,no,yes,yes,,2.49,,,,,,,,yes,yes,yes,,0.79,,,,,,,,,no,yes_,yes,,5.49,yes,,,,,,,,no,yes,yes,365 Everyday Value,2.39,,,,,,,,no,yes,365 Everyday Value,2.99,no,,yes,yes,365 Everyday Value,2.99,,,,,,
17,FM0000156827,4/22/2019 20:05,The Food Emporium ,10 UNION SQUARE EAST,10003,10003,MANHATTAN,40.734704,-73.989926,987042,206949,3603807,105,"NYC-Manhattan Community District 4 & 5--Chelsea, Clinton & Midtown Business District PUMA; New York",unknown,yes,no,,,,Navel,Paramount,piece,3,5,,,no,yes,Ms. Belinda,0.79,no,,yes,Central West,3.5,,no,yes,yes,Double Diamond Farms,2.99,,,,,,,,,no,yes,no,,,,Romaine,Tanimura & Antle ,3 heads,3.99,,,no,yes,yes,Green Giant ,1.29,,,,,,,,,no,yes_,yes,Food emporium label (store brand),6.69,,,,,,,,,no,yes,yes,Cream O Land,2.39,,,,,,,,no,yes,Sunshine Farms ,1.79,no,,yes,yes,Arnold ,3.5,,,,,,
18,FM0000168073,5/16/2019 19:56,D’Agostino ,815 10 AVENUE,10019,10019,MANHATTAN,40.767287,-73.989906,987046,218820,3603807,104,"NYC-Manhattan Community District 4 & 5--Chelsea, Clinton & Midtown Business District PUMA; New York",yes,yes,no,,,,Navel,Sunkist ,piece,2,3,,,no,yes,Del Monte,0.89,no,,yes,Driscoll’s ,3.99,yes,no,yes,yes,Backyard Farms ,4.99,,,,,,,,,no,yes,yes,,2.99,,,,,,,,no,yes,yes,,1.69,,,,,,,,,no,yes_,yes,Hereford beef,9.99,,,,,,,,,no,yes,yes,Dairy pure ,2.79,,,,,,,,no,yes,D’Agostino,2.79,no,,yes,yes,Nature’s Own ,3.49,,,,,,
19,FM0000173240,5/9/2019 20:14,Whole Foods Market,214 3 STREET,11215,11215,BROOKLYN,40.6754,-73.988691,987387,185343,3604005,306,"NYC-Brooklyn Community District 6--Park Slope, Carroll Gardens & Red Hook PUMA; New York",unknown,yes,yes,Suntreat ,0.99,,,,,,,,,no,yes,Whole foods,0.49,no,,yes,Driscoll’s ,2.99,,no,yes,yes,Backyard Farms ,1.99,,,,,,,,,no,yes,yes,,1.99,,,,,,,,yes,yes,yes,,0.79,,,,,,,,,no,yes_,yes,Whole Foods label (store brand),9.99,,,,,,,,,no,yes,yes,365 everyday value ,2.39,,,,,,,,no,no,,,,,yes,yes,365 everyday value,2.99,,,,,,
20,FM0000184608,3/15/2019 17:00,Food Mart ,117 LUDLOW STREET,10002,10002,MANHATTAN,40.719533,-73.988647,987397,201422,3603809,103,"NYC-Manhattan Community District 3--Chinatown & Lower East Side PUMA, New York",unknown,no,,,,,,,,,,,,,no,,,,,no,,,,,no,,,,,,,,,,,,,no,,,,,,,,,,,,no,,,,,,,,,,,,,no,,,,,,,,,,,,,yes,yes,Derle Hygrade ,2.49,,,,,,,,no,yes,Noah’s Pride,1.7,no,,yes,yes,Sara Lee,2.99,,,,,,
21,FM0000193816,3/15/2019 17:15,Fine Fare Supermarkets,175 CLINTON STREET,10002,10002,MANHATTAN,40.715603,-73.986938,987871,199990,3603809,103,"NYC-Manhattan Community District 3--Chinatown & Lower East Side PUMA, New York",unknown,yes,no,,,,Navel ,Sunkist,piece,3,0.99,,,no,yes,Dole,0.59,no,yes,yes,Spivey Farms,2.99,yes,no,yes,yes,Del Campo,1.99,,,,,,,,,no,yes,yes,,1.99,,,,,,,,no,yes,yes,,0.99,yes,,,,,,,,no,yes_,yes,Fine Fare label (store brand),8.99,,,,,,,,,no,yes,yes,Derle Hygrade,2.49,,,,,,,,no,yes,Hillandale Farms,1.99,no,,yes,yes,Super Bread,2.49,,,,,,
22,FM0000206284,5/16/2019 19:34,Morton Williams ,917 9 AVENUE,10019,10019,MANHATTAN,40.768971,-73.98496,988416,219434,3603807,104,"NYC-Manhattan Community District 4 & 5--Chelsea, Clinton & Midtown Business District PUMA; New York",unknown,yes,no,,,,Sunkist ,Navel,piece,2,3,,,no,yes,Chiquita ,0.89,no,,yes,Driscoll’s ,3.99,,no,yes,yes,Backyard Farms ,2.99,,,,,,,,,no,yes,yes,,2.99,,,,,,,,no,yes,yes,,1.69,,,,,,,,,no,yes_,yes,Sterling silver,6.99,,,,,,,,,no,yes,yes,Farmland,4.29,,,,,,,,no,yes,Quaker state,3.79,no,,yes,yes,Arnold,3.69,,,,,,
23,FM0000215757,5/7/2019 18:53,Whole Foods Market,10 COLUMBUS CIRCLE,10019,10019,MANHATTAN,40.767815,-73.982267,989162,219013,3603807,104,"NYC-Manhattan Community District 4 & 5--Chelsea, Clinton & Midtown Business District PUMA; New York",unknown,yes,yes,Suntreat,0.99,,,,,,,,,no,yes,Whole Foods,0.49,no,,yes,Driscoll’s ,2.99,,no,yes,yes,Backyard Farms ,1.99,,,,,,,,,no,yes,yes,,1.99,,,,,,,,yes,yes,yes,,0.79,,,,,,,,,no,no,,,,,,,,,,,,,yes,yes,365 everyday value ,2.39,,,,,,,,no,no,,,,,yes,yes,365 everyday value ,2.99,,,,,,
24,FM0000223205,4/22/2019 20:05,Associates Supermarket ,409 EAST 14 STREET,10009,10009,MANHATTAN,40.731088,-73.981866,989276,205632,3603808,106,"NYC-Manhattan Community District 6--Murray Hill, Gramercy & Stuyvesant Town PUMA; New York",unknown,yes,no,,,,Navel ,Sun pacific ,piece,2,3,yes,,no,yes,Dole,0.49,no,yes,yes,Driscoll’s,3.99,yes,no,yes,yes,Maas,2.99,,,,,,,,,no,yes,yes,,2.29,,,,,,,,no,yes,yes,,0.99,,,,,,,,,no,yes_,yes,Associated label (store brand),5.99,,,,,,,,,no,yes,yes,Derek Hygrade,2.59,,,,,,,,no,yes,Croton Egg Farm,3.39,no,,yes,yes,Nature’s Own,2.5,,,,,,
25,FM0000231819,5/17/2019 15:17,Fine Fare Supermarkets,545 GRAND STREET,10002,10002,MANHATTAN,40.714213,-73.980784,989577,199484,3603809,103,"NYC-Manhattan Community District 3--Chinatown & Lower East Side PUMA, New York",unknown,yes,no,,,,Navel ,,piece,3,1.5,yes,,no,yes,Bonita,0.89,no,yes,yes,Giant ,2.99,,no,yes,no,,,,Plum,,pound,1,1.49,yes,,no,yes,yes,,1.79,yes,,,,,,,no,yes,yes,,0.79,yes,,,,,,,,no,yes_,yes,Fine fare label (store brand),8.99,,,,,,,,,no,yes,yes,Derle Hygrade,2.39,,,,,,,,no,yes,Hillandale Farms,1.59,no,,yes,yes,Super bread,2.49,,,,,,
26,FM0000241601,3/15/2019 17:44,Key Food ,43 COLUMBIA STREET,10002,10002,MANHATTAN,40.716486,-73.980574,989635,200312,3603809,103,"NYC-Manhattan Community District 3--Chinatown & Lower East Side PUMA, New York",unknown,yes,no,,,,Navel,Sun Pacific ,piece,3,1,yes,,no,no,,,,,yes,GPC,2.99,yes,no,yes,yes,Double Diamond Farms,1.99,yes,,,,,,,,no,yes,yes,,2,yes,,,,,,,no,yes,yes,,0.99,yes,,,,,,,,no,yes_,yes,Creekstone Farms,7.99,,,,,,,,,no,yes,yes,Cream O Land,2.59,,,,,,,,no,yes,Key Food ,3.89,no,,yes,yes,Arnold,2.5,,,,,,
27,FM0000251372,3/15/2019 18:10,Shop Fair Supermarket ,42 AVENUE C,10009,10009,MANHATTAN,40.721923,-73.980414,989679,202293,3603809,103,"NYC-Manhattan Community District 3--Chinatown & Lower East Side PUMA, New York",unknown,yes,no,,,,Navel,Sunkist ,piece,8,1.99,,,no,yes,Chiquita,0.79,no,,yes,Driscoll’s ,5.99,,no,yes,yes,Nature Fresh,3.99,,,,,,,,,no,yes,yes,,1.99,,,,,,,,no,yes,yes,GPOD,0.4,,,,,,,,,no,yes_,yes,Meadowland Farms,6.39,,,,,,,,,no,yes,yes,Cream O Land,2.49,yes,,,,,,,no,yes,Jack’s Farms,1,no,yes,yes,yes,Arnold,2.5,,,,,,
28,FM0000257460,4/24/2019 19:03,Key Food,319 KINGS HIGHWAY,11223,11223,BROOKLYN,40.604998,-73.978569,990201,159694,3604017,311,"NYC-Brooklyn Community District 11--Bensonhurst & Bath Beach PUMA, New York",unknown,yes,no,,,,Navel ,,piece,3,2,,,no,yes,Ms. Belinda,0.69,no,yes,yes,Central West,2.5,yes,no,yes,yes,Policella,2.49,,,,,,,,,no,yes,yes,,1.99,,,,,,,,no,yes,yes,,0.99,,,,,,,,,no,yes_,yes,Key Food label (store brand),6.59,,,,,,,,,no,yes,yes,Cream O Land,2.19,,,,,,,,no,yes,Sunshine Farms,1.59,no,,yes,yes,Urban meadow fresh ,1.79,,,,,,
29,FM0000270479,3/15/2019 18:28,Associated Supermarket,123 AVENUE C,10009,10009,MANHATTAN,40.72456,-73.978523,990203,203254,3603809,103,"NYC-Manhattan Community District 3--Chinatown & Lower East Side PUMA, New York",unknown,yes,no,,,,Navel ,,piece,3,2.49,,,no,no,,,,,no,,,,,yes,yes,Bell Flower,2.99,,,,,,,,,no,no,,,,,,,,,,,,yes,yes,,0.99,,,,,,,,,no,yes_,yes,Associated Supermarket label (store brand),5.99,,,,,,,,,no,yes,yes,Derle Hygrade,2.49,,,,,,,,no,yes,Croton Egg Farm,2.49,no,,yes,yes,Arnold,2.5,,,,,,
30,FM0000280125,3/15/2019 18:47,C-Town,188 AVENUE C,10009,10009,MANHATTAN,40.726797,-73.976837,990670,204069,3603809,103,"NYC-Manhattan Community District 3--Chinatown & Lower East Side PUMA, New York",unknown,yes,no,,,,Navel,Sunkist,piece,5,1.99,yes,,no,yes,Dole,0.99,no,yes,yes,Red Blossom ,4.99,yes,no,yes,yes,C-Town label (store brand),1.49,yes,,,,,,,,no,yes,no,,,,Romaine ,,1 head,2.99,,"You can buy one head of romaine lettuce but it is priced per pound (2.99/pound), not individually. There is no scale to measure what one head would weigh/cost. ",no,yes,yes,,1.29,,,,,,,,,no,yes_,yes,C-Town label (store brand),4.89,,,,,,,,,no,yes,yes,Derle Hygrade,2.49,,,,,,,,no,yes,Quaker State,2.09,no,,yes,yes,Krasdale,1.99,,,,,,
31,FM0000287289,4/24/2019 19:03,Key Food,130 7 AVENUE,11215,11215,BROOKLYN,40.673074,-73.976441,990785,184496,3604005,306,"NYC-Brooklyn Community District 6--Park Slope, Carroll Gardens & Red Hook PUMA; New York",unknown,yes,no,,,,Navel ,,piece,3,2,,,no,yes,Ms. Belinda ,0.79,no,,yes,Red Blossom,2.5,yes,no,yes,yes,Double Diamond Farms,1.99,,,,,,,,,no,yes,yes,,1.99,,,,,,,,no,yes,yes,,0.99,,,,,,,,,no,yes_,yes,Key Food label (store brand),5.99,,,,,,,,,no,yes,yes,Cream O Land,2.49,,,,,,,,no,yes,Key Food ,1.69,no,yes,yes,yes,Urban Meadow Freah ,1.79,yes,,,,,
32,FM0000301807,4/22/2019 20:05,Key Food,530 AMSTERDAM AVENUE,10024,10024,MANHATTAN,40.787409,-73.975227,991110,226152,3603806,107,"NYC-Manhattan Community District 7--Upper West Side & West Side PUMA, New York",unknown,yes,no,,,,Navel ,,piece,5,5,yes,,no,yes,Chiquita ,0.49,no,,no,,,,,yes,yes,Bona Fresh ,1.99,,,,,,,,,no,yes,yes,,1.99,,,,,,,,no,yes,yes,,1.99,,,,,,,,,no,yes_,yes,Key Food label (store brand),6.49,,,,,,,,,no,yes,yes,Cream O Land,2.59,,,,,,,,no,yes,Sunshine Farms,1.79,no,,yes,yes,Super bread,2.49,,,,,,
33,FM0000311196,5/1/2019 19:18,Gristedes,504 COLUMBUS AVENUE,10024,10024,MANHATTAN,40.785369,-73.973004,991726,225409,3603806,107,"NYC-Manhattan Community District 7--Upper West Side & West Side PUMA, New York",unknown,yes,no,,,,Navel,Sunkist ,piece,3,5,,,no,yes,Dole,0.89,no,,yes,Driscoll’s ,5.99,,no,yes,yes,Backyard Farms,3.99,,,,,,,,,no,yes,yes,,2.99,,,,,,,,no,yes,yes,,1.49,,,,,,,,,no,yes_,yes,Gristedes label (store brand),7.99,,,,,,,,,no,yes,yes,Tuscan ,2.69,,,,,,,,no,yes,Best Yet,2.89,no,,yes,yes,Nature’s Own,3.49,,,,,,
34,FM0000314312,4/16/2019 19:20,Key Food,505 NEPTUNE AVENUE,11224,11224,BROOKLYN,40.579835,-73.972176,991979,150527,3604018,313,"NYC-Brooklyn Community District 13--Brighton Beach & Coney Island PUMA, New York",unknown,yes,no,,,,Jumbo Navel,Paramount ,piece,5,5,yes,,no,yes,Mrs. Belinda ,0.99,yes,,yes,Bobalu,2.99,,no,yes,yes,Policella,2.49,,,,,,,,,no,yes,yes,,2.29,,,,,,,,no,yes,yes,,0.99,,,,,,,,,no,yes_,yes,Key Food label (store brand),4.99,,,,,,,,,no,yes,yes,Cream O Land,1.89,,,,,,,,no,yes,Key Food,2.59,no,,yes,yes,Urban Meadow Fresh,1.99,,,,,,
35,FM0000325556,3/4/2019 19:06,Union market,342 FLATBUSH AVENUE,11217,11238,BROOKLYN,40.676199,-73.971757,992084,185635,3604005,306,"NYC-Brooklyn Community District 6--Park Slope, Carroll Gardens & Red Hook PUMA; New York",no,yes,yes,Cara cara,1.29,,,,,,,,,no,yes,Chiquita ,0.79,yes,,yes,Driscoll’s,3.99,,no,yes,yes,Mucci,3.49,,,,,,,,,no,yes,yes,,3.49,,,,,,,,yes,yes,yes,Idaho,0.99,,,,,,,,,no,no,,,,,,,,,,,,,yes,yes,Five acre,3.99,,,,,,,,yes,yes,Union market ,4.99,yes,,yes,yes,Vermont ,4.99,,,,,,
36,FM0000336125,5/28/2019 16:47,City acres market ,11 BROADWAY,11211,11249,BROOKLYN,40.710815,-73.968392,993013,198247,3604001,301,"NYC-Brooklyn Community District 1--Greenpoint & Williamsburg PUMA, New York",unknown,yes,no,,,,Navel,Sunkist ,piece,5,5,,,no,yes,Chiquita ,0.79,no,,yes,Driscoll’s ,5.99,,no,yes,yes,Intergrow ,2.99,,,,,,,,,no,yes,yes,,2,,,,,,,,no,yes,yes,,0.99,,,,,,,,,no,yes_,yes,City acres market label (store brand),7.29,,,,,,,,,no,yes,yes,Cream o land,2.29,,,,,,,,no,no,,,,,yes,yes,Arnold,3.69,,,,,,
37,FM0000348493,5/7/2019 19:50,Whole Foods Market,226 EAST 57 STREET,10022,10022,MANHATTAN,40.759899,-73.966715,993471,216130,3603808,106,"NYC-Manhattan Community District 6--Murray Hill, Gramercy & Stuyvesant Town PUMA; New York",unknown,yes,yes,Suntreat,0.99,,,,,,,,,no,yes,Whole Foods,0.49,no,,yes,Driscoll’s ,2.99,,no,yes,yes,Backyard Farms ,1.99,,,,,,,,,no,yes,no,,,,romaine,365 everyday value ,3 heads ,4.99,yes,,yes,yes,yes,,0.79,,,,,,,,,no,yes_,no,,,,,,,,,,,,yes,yes,365 everyday value ,2.39,,,,,,,,no,no,,,,,yes,yes,365 everyday value ,2.99,,,,,,
38,FM0000352931,6/6/2019 17:48,Paperific,1482 CONEY ISLAND AVENUE,11230,11230,BROOKLYN,40.62134,-73.964533,994096,165649,3604014,312,"NYC-Brooklyn Community District 12--Borough Park, Kensington & Ocean Parkway PUMA; New York",unknown,yes,no,,,,Navel ,CCH,piece,1,0.39,yes,,no,yes,Dole,0.69,no,,yes,Naturipe,2.99,,no,yes,yes,,1.19,,,,,,,,,no,no,,,,,,,,,,,,yes,yes,GPOD,0.79,,,,,,,,,no,yes_,no,,,,,Ground beef ,Paperific label (store brand),1.25,9.99,,,no,yes,yes,Golden flow,2.79,,,,,,,,no,no,,,,,yes,yes,Arnold,3.69,,,,,,
39,FM0000362389,6/6/2019 17:36,Pomegranate ,1507 CONEY ISLAND AVENUE,11230,11230,BROOKLYN,40.620878,-73.964425,994126,165481,3604015,314,"NYC-Brooklyn Community District 14--Flatbush & Midwood PUMA, New York",unknown,yes,no,,,,Navel ,Sunkist ,piece,1,0.39,,,no,yes,Dole,0.99,no,,yes,Driscoll’s ,7.49,,no,yes,yes,Mucci,3.99,,,,,,,,,no,yes,yes,,1.99,,,,,,,,no,yes,yes,,1.29,,,,,,,,,no,yes_,no,,,,,Chuck,Pomegranate label (store brand),1.37,9.58,,,no,yes,yes,Devash Farms ,2.89,,,,,,,,no,no,,,,,yes,yes,Arnold,3.69,,,,,,
40,FM0000371705,6/6/2019 17:12,Glatt Market ,1205 AVENUE M,11230,11230,BROOKLYN,40.617699,-73.962647,994620,164323,3604015,314,"NYC-Brooklyn Community District 14--Flatbush & Midwood PUMA, New York",unknown,yes,no,,,,Navel ,Sun pacific ,piece,5,2,,,no,yes,Dole,0.79,no,,yes,Driscoll’s ,3.99,,no,yes,yes,,0.99,,,,,,,,,no,yes,no,,,,Romaine,Dole,3 heads,4.99,,,no,yes,yes,,0.79,,,,,,,,,no,yes_,no,,,,,Chuck,Glatt market label (store brand),1.12,7.83,,,no,yes,yes,Fresh & Tasty ,2.59,,,,,,,,no,no,,,,,yes,yes,Arnold,3.69,,,,,,
41,FM0000382170,3/18/2019 18:43,Associated Supermarket,650 FLATBUSH AVENUE,11225,11225,BROOKLYN,40.657514,-73.960315,995261,178829,3604011,309,"NYC-Brooklyn Community District 9--Crown Heights South, Prospect Lefferts & Wingate PUMA; New York",unknown,yes,no,,,,Navel,Sunkist,piece,6,2,,,no,yes,Dole,0.5,no,,yes,C-B-I,2.99,,no,yes,yes,Kinova,2.49,,,,,,,,,no,yes,no,,,,Romaine,Peter Rabbit Farms,3 heads,1.5,,,no,yes,yes,,1.29,,,,,,,,,no,yes_,no,,,,80,Ground beef ,Associated Supermarket label (store brand),1.13,3.38,,,no,yes,yes,Cream O Land ,2.59,,,,,,,,no,yes,Jack’s Egg Farm,2.79,no,,yes,yes,Arnold,2.5,,,,,,
42,FM0000393065,5/28/2019 16:12,Lefkowitz Supermarket,68 LEE AVENUE,11211,11211,BROOKLYN,40.705633,-73.959871,995376,196360,3604001,301,"NYC-Brooklyn Community District 1--Greenpoint & Williamsburg PUMA, New York",unknown,yes,no,,,,Navel ,Sunkist ,piece,1,0.35,,,no,no,,,,,no,,,,,yes,yes,Coppola Farms ,1.79,,,,,,,,,no,yes,no,,,,Iceberg ,,1 head ,1.49,,,no,yes,yes,,0.89,,,,,,,,,no,no,,,,,,,,,,,,,yes,yes,Golden flow ,3.15,,,,,,,,no,yes,Jack’s Egg Farm ,1.5,no,,yes,yes,Stern’s ,,,,,,,
43,FM0000403332,3/28/2019 13:19,Whole Foods Market,238 BEDFORD AVENUE,11211,11249,BROOKLYN,40.71609,-73.959612,995446,200170,3604001,301,"NYC-Brooklyn Community District 1--Greenpoint & Williamsburg PUMA, New York",unknown,yes,yes,Sunkist ,1.79,,,,,,,,,no,yes,,0.49,no,,yes,Driscoll’s ,3.49,yes,no,yes,yes,Backyard Farms,1.99,,,,,,,,,no,yes,yes,,2.49,,,,,,,,no,yes,yes,,0.79,,,,,,,,,no,yes_,yes,Nature’s Rancher,10.99,,,,,,,,,yes,yes,yes,365 Everyday Value ,2.39,,,,,,,,no,yes,365 Everyday Value,2.99,no,,yes,yes,365 Everyday Value,2.99,,,,,,
44,FM0000409842,6/6/2019 16:55,Mountain Fruit ,1523 AVENUE M,11230,11230,BROOKLYN,40.61808,-73.959427,995514,164462,3604015,314,"NYC-Brooklyn Community District 14--Flatbush & Midwood PUMA, New York",unknown,yes,no,,,,Navel ,Sunkist ,piece,1,0.4,,,no,yes,Dole,0.79,no,,yes,Driscoll’s ,4.99,,no,yes,yes,,1.19,,,,,,,,,no,yes,no,,,,Romaine ,Andy Boy,3 heads ,3.99,,,no,yes,yes,,0.89,,,,,,,,,no,yes_,no,,,,,Ground beef ,Mountain fruit label (store brand),1,6.99,,,no,yes,yes,Devash farms,2.79,,,,,,,,no,no,,,,,yes,yes,Arnold ,3.69,,,,,,
45,FM0000418920,4/9/2019 20:11,Gourmanoff gourmet market,1029 BRIGHTON BEACH AVENUE,11235,11235,BROOKLYN,40.578209,-73.958609,995748,149936,3604018,313,"NYC-Brooklyn Community District 13--Brighton Beach & Coney Island PUMA, New York",yes,yes,no,,,,Cara Cara ,,piece,1,1.29,,,no,yes,Dole,0.59,no,yes,yes,Well Pict,0.99,,no,yes,yes,Mucci,1.99,,,,,,,,,no,yes,yes,,1.79,,,,,,,,no,yes,yes,,0.89,,,,,,,,,no,yes_,yes,Dakota ,10.99,,,,,,,,,yes,yes,yes,Derle Hygrade,2.09,,,,,,,,no,yes,Sunshine Farms,0.79,no,yes,yes,yes,Stern’s bakery ,2.99,,,,,,
46,FM0000435519,4/1/2019 20:42,Key Food,421 WEST 125 STREET,10027,10027,MANHATTAN,40.812023,-73.955078,996685,235122,3603802,109,"NYC-Manhattan Community District 9--Hamilton Heights, Manhattanville & West Harlem PUMA; New York",unknown,yes,no,,,,Navel,Sun Pacific ,piece,2,3,,,no,no,,,,,yes,Astin,4.99,,no,yes,yes,,2.49,,,,,,,,,no,yes,yes,,2.99,,,,,,,,no,yes,yes,,0.99,yes,,,,,,,,no,yes_,yes,Black Canyon,5.19,,,,,,,,,no,yes,yes,Cream O Land,2.29,,,,,,,,no,yes,Sunshine Farms,2,no,,yes,yes,Urban Meadow,1.79,,,,,,
47,FM0000442141,3/14/2019 19:29,C-Town,953 MANHATTAN AVENUE,11222,11222,BROOKLYN,40.731854,-73.954544,996848,205914,3604001,301,"NYC-Brooklyn Community District 1--Greenpoint & Williamsburg PUMA, New York",unknown,yes,no,,,,Navel,Booth Ranches,piece,5,5,yes,,no,yes,Dole,0.89,no,yes,yes,Myrick,2.99,yes,no,yes,yes,Wholesun Harvest,1.99,yes,,,,,,,,yes,yes,no,,,,Romaine,Andy Boy,3 heads,4.99,yes,,no,yes,yes,,0.99,yes,,,,,,,,no,yes_,yes,C-Town label (store brand),4.99,yes,,,,,,,,no,yes,yes,Tuscan Dairy Farms,2.39,,,,,,,,no,yes,The Farmer’s Hen,3.99,no,,yes,yes,Sara Lee,2.99,,,,,,
48,FM0000451465,3/14/2019 19:08,Associated ,802 MANHATTAN AVENUE,11222,11222,BROOKLYN,40.727803,-73.953071,997257,204438,3604001,301,"NYC-Brooklyn Community District 1--Greenpoint & Williamsburg PUMA, New York",unknown,yes,no,,,,Navel,Sunkist ,piece,1,0.99,,,no,yes,Chiquita,0.99,no,,yes,Expo Fresh,4.99,,no,yes,yes,Mucci Farms,2.99,,,,,,,,,no,yes,yes,,2.49,,,,,,,,no,yes,yes,,0.99,,,,,,,,,no,yes_,no,,,,,Just says “beef ground”,,1.49,3.99,,,no,yes,yes,Farmland,2.29,,,,,,,,no,yes,Quaker State,1.99,no,,yes,no,,,,Italian loaf,Arnold,2.99,,
49,FM0000457127,4/9/2019 20:11,Stop & Shop,1710 AVENUE Y,11235,11235,BROOKLYN,40.590308,-73.952642,997403,154345,3604016,315,"NYC-Brooklyn Community District 15--Sheepshead Bay, Gerritsen Beach & Homecrest PUMA; New York",yes,yes,no,,,,Navel,Sun Pacific ,piece,10,10,yes,,no,yes,Chiquita ,0.59,no,,yes,Central West,4.99,yes,no,yes,yes,Sunset,1.99,yes,,,,,,,,no,yes,no,,,,Romaine ,Stop & Shop,3 heads,2.99,yes,,no,yes,yes,,1.49,,,,,,,,,no,yes_,yes,Stop & Shop label (store brand),6.19,,,,,,,,,no,yes,yes,Stop & Shop,2.29,,,,,,,,no,yes,Stop & Shop,1.89,no,,yes,yes,Stop & Shop ,1.99,,,,,,
50,FM0000470594,7/30/2019 17:25,Key Food,224 MCGUINESS BOULEVARD,11222,11222,BROOKLYN,40.729819,-73.951111,997800,205173,3604001,301,"NYC-Brooklyn Community District 1--Greenpoint & Williamsburg PUMA, New York",unknown,yes,no,,,,Navel Orange,,piece,4,5,yes,,no,yes,Belinda,0.79,no,,yes,Sweet Darling,2.98,,no,yes,yes,Intergrow,1.99,,,,,,,,,no,yes,yes,,0.98,,,,,,,,no,yes,yes,Green Giant,0.99,,,,,,,,,no,yes_,yes,Key Food,5.99,,,,,,,,,no,yes,yes,Cream O Land,2.39,,,,,,,,no,yes,Key Food,0.88,no,,yes,yes,Urban Meadow,1.89,,,,,,
51,FM0000482534,4/22/2019 20:05,Food universe ,1486 LEXINGTON AVENUE,10128,10128,MANHATTAN,40.785768,-73.951015,997815,225557,3603805,108,"NYC-Manhattan Community District 8--Upper East Side PUMA, New York",unknown,yes,no,,,,Navel ,Sunkist ,piece,5,2,,,no,yes,Chiquita ,0.99,no,,yes,Driscoll’s,2.5,yes,no,yes,yes,Nature Fresh Farms,2.99,,,,,,,,,no,yes,yes,,2.99,,,,,,,,no,yes,yes,,0.99,,,,,,,,,no,yes_,yes,Food universe marketplace label (store brand),5.99,,,,,,,,,no,yes,yes,Cream O Land,2.49,,,,,,,,no,yes,Nelms Eggs,1.69,no,yes,yes,yes,Urban Meadow Freah,1.79,,,,,,
52,FM0000486968,3/18/2019 17:52,Associated Supermarket,975 NOSTRAND AVENUE,11225,11225,BROOKLYN,40.66479,-73.950982,997849,181481,3604011,309,"NYC-Brooklyn Community District 9--Crown Heights South, Prospect Lefferts & Wingate PUMA; New York",unknown,yes,no,,,,Navel,Sunkist ,piece,6,2,yes,,no,yes,Dole,0.79,no,yes,yes,Well Pict,3.99,,no,yes,yes,Kinova Fresh,1.99,,,,,,,,,no,yes,yes,,1.99,,,,,,,,no,yes,yes,,0.99,yes,,,,,,,,no,yes_,yes,Associated Supermarket label (store brand),5.99,,,,,,,,,no,yes,yes,Cream O Land,2.19,,,,,,,,no,yes,Sunshine Farms ,2.19,no,,yes,yes,Super Bread,2.5,,,,,,
53,FM0000496336,3/18/2019 18:15,Key Food,1232 NOSTRAND AVENUE,11225,11225,BROOKLYN,40.65697,-73.950245,998055,178632,3604011,309,"NYC-Brooklyn Community District 9--Crown Heights South, Prospect Lefferts & Wingate PUMA; New York",unknown,yes,no,,,,Navel,,piece,2,1,,,no,yes,Dole,0.69,no,,yes,Always Fresh Farms ,2.99,,no,yes,no,,,,Plum ,,pound,1,1.99,,,no,yes,yes,,1.79,,,,,,,,no,yes,yes,Green Giant,0.99,yes,,,,,,,,no,yes_,no,,,,85,Lean ground beef ,Key Food label (store brand),0.78,3.89,yes,,no,yes,yes,Cream O Land ,2.39,,,,,,,,no,yes,Hillandale Farms ,2.99,no,,yes,yes,Urban Meadow,1.79,,,,,,
54,FM0000512135,4/1/2019 20:42,Key Food,3550 BROADWAY,10031,10031,MANHATTAN,40.826787,-73.950176,998039,240502,3603802,109,"NYC-Manhattan Community District 9--Hamilton Heights, Manhattanville & West Harlem PUMA; New York",unknown,yes,no,,,,Navel,,piece,4,2,,,no,yes,Ms. Belinda ,0.89,no,,yes,Expo Fresh,4.99,,no,yes,yes,Double Diamond Farms,2.99,,,,,,,,,no,yes,yes,,2.99,,,,,,,,no,yes,yes,Green Giant,0.99,yes,,,,,,,,no,yes_,yes,Key Food label (store brand),5.99,,,,,,,,,no,yes,yes,Farmers Choice Dairy,2.69,,,,,,,,no,yes,Market Pantry,2.89,no,,yes,yes,Urban Meadow,1.79,yes,,,,,
55,FM0000515735,4/24/2019 19:03,Key Food ,653 NOSTRAND AVENUE,11216,11216,BROOKLYN,40.674827,-73.950023,998113,185138,3604006,308,"NYC-Brooklyn Community District 8--Crown Heights North & Prospect Heights PUMA, New York",unknown,yes,no,,,,Navel,,piece,5,5,,,no,no,,,,,yes,Central West,2.5,yes,no,yes,yes,Double Diamond Farms ,2.99,,,,,,,,,no,yes,yes,,1.99,,,,,,,,no,yes,yes,Green Giant,0.99,yes,,,,,,,,no,yes_,no,,,,85,Ground beef sirloin ,Key Food label (store brand?,0.9,5.39,,,no,yes,yes,Cream O Land,2.39,,,,,,,,no,yes,Key Food,1.69,no,yes,yes,yes,Urban meadow fresh,1.79,yes,,,,,
56,FM0000530353,5/17/2019 16:41,Fine Fare Supermarkets,136 LENOX AVENUE,10026,10026,MANHATTAN,40.802477,-73.949338,998276,231645,3603803,110,"NYC-Manhattan Community District 10--Central Harlem PUMA, New York",unknown,yes,no,,,,Large navel ,Sunkist ,piece,5,5,,,no,yes,Dole,0.5,no,,yes,Naturipe ,2.5,,no,yes,yes,Suntastic,2.99,,,,,,,,,no,yes,yes,,1.99,,,,,,,,no,yes,no,,,,Russet ,GPOD,pound,5,2.5,,,no,yes_,yes,Fine fare label (store brand),6.99,,,,,,,,,no,yes,yes,Cream O Land,2.69,,,,,,,,no,yes,Jack’s Egg Farm ,1.99,no,,yes,yes,Super bread ,2.39,,,,,,
57,FM0000534980,4/10/2019 19:47,Bravo Supermarket,1299 FULTON STREET,11216,11216,BROOKLYN,40.680374,-73.949117,998363,187159,3604003,303,"NYC-Brooklyn Community District 3--Bedford-Stuyvesant PUMA, New York",unknown,yes,no,,,,Navel ,Sunkist ,piece,5,4,,,no,yes,Chiquita,0.79,no,yes,yes,Well Pict,3.99,,no,yes,no,,,,Slicing ,,pound,1,0.99,yes,,no,yes,no,,,,Baby romaine mix,Fresh Attitude ,One 5 oz. package ,2.99,yes,,no,yes,yes,GPOD,0.63,,,,,,,,,no,yes_,yes,Bravo label (store brand),5.99,,,,,,,,,no,yes,yes,Cream O Land,2.29,,,,,,,,no,yes,Sunshine Farms ,2.39,no,yes,yes,yes,Stroehmann ,2.5,,,,,,
58,FM0000545563,7/30/2019 17:40,Key Food,575 GRAND STREET,11211,11211,BROOKLYN,40.711203,-73.948599,998500,198391,3604001,301,"NYC-Brooklyn Community District 1--Greenpoint & Williamsburg PUMA, New York",unknown,yes,no,,,,Navel,,piece,3,5,yes,,no,yes,Belinda,0.79,no,,yes,foxy,3.98,,yes,yes,yes,Double Diamond Farms,2.99,,,,,,,,,no,yes,yes,,2,yes,,,,,,,no,yes,yes,Green Giant,0.99,,,,,,,,,no,yes_,yes,Key Food,5.29,yes,,,,,,,,no,yes,yes,Cream O Land,2.59,,,,,,,,no,yes,Key Food,1.5,no,yes,yes,yes,Urban Meadow,1.89,,,,,,
59,FM0000545564,3/14/2019 20:02,Key Food ,575 GRAND STREET,11211,11211,BROOKLYN,40.711203,-73.948599,998500,198391,3604001,301,"NYC-Brooklyn Community District 1--Greenpoint & Williamsburg PUMA, New York",yes,yes,no,,,,Navel,,piece,5,5,,,no,yes,Belinda,0.79,no,,yes,Driscoll’s,4.59,,no,yes,yes,Magic Sun,2.99,,,,,,,,,no,yes,yes,,2.5,,,,,,,,no,yes,yes,Green Giant,0.89,yes,,,,,,,,no,yes_,yes,Key Food label (store brand),5.49,,,,,,,,,no,yes,yes,Cream O Land,2.49,,,,,,,,no,yes,Key Food (store brand),2.39,no,,yes,yes,Urban Meadow Fresh,1.79,,,,,,
60,FM0000559277,4/1/2019 20:42,Foodtown ,2463 FREDERICK DOUGLASS BOULEVARD,10027,10027,MANHATTAN,40.81449,-73.948028,998636,236022,3603803,110,"NYC-Manhattan Community District 10--Central Harlem PUMA, New York",unknown,yes,no,,,,Navel ,Sun Pacific ,piece,4,5,yes,,no,yes,Dole,0.79,no,,yes,Expo Fresh,3.99,,no,yes,yes,Backyard Farms,2.49,yes,,,,,,,,no,yes,no,,,,Romaine,Foxy,3 heads,3.49,,,no,yes,yes,,0.99,yes,,,,,,,,no,yes_,yes,Foodtown label (store brand),7.59,,,,,,,,,no,yes,yes,Farmers Choice Dairy,2.19,,,,,,,,no,yes,Pine Belt ,1.79,no,,yes,yes,Nature’s Own,2.5,,,,,,
61,FM0000566486,3/21/2019 18:45,Key Food,44-65 21 STREET,11101,11101,QUEENS,40.747812,-73.947442,998813,211729,3604109,402,"NYC-Queens Community District 2--Sunnyside & Woodside PUMA, New York",unknown,yes,no,,,,Navel,Sun Pacific,piece,4,5,,,no,yes,Belinda super quality ,0.79,no,,yes,Astin,2.99,,no,yes,yes,Double diamond farms,1.99,,,,,,,,,no,yes,no,,,,Romaine ,Tanimura & Antle,3 heads in a package ,3.99,,"Various types of packaged lettuce with different prices, but this was the only romaine priced. ",no,yes,no,,,,Idaho ,Town & Country,pound,5,2.99,,,no,yes_,no,,,,80,Lean ground beef,Key Food label (store brand),1.31,4.18,,92% lean ground beef available but not priced. ,no,yes,yes,Cream O Land,2.79,,,,,,,,no,yes,Sunshine Farms ,3.49,no,,yes,yes,Super Bread,2.49,,,,,,
62,FM0000571854,4/24/2019 19:02,Key Food,2326 NOSTRAND AVENUE,11210,11210,BROOKLYN,40.628022,-73.947122,998928,168086,3604015,314,"NYC-Brooklyn Community District 14--Flatbush & Midwood PUMA, New York",unknown,yes,no,,,,Navel ,,piece,4,2,,,no,yes,Ms. Belinda,0.49,no,yes,yes,Giant Berry Farms,3.33,yes,no,yes,yes,Pure flavor ,1.99,,,,,,,,,no,yes,yes,,1.69,,,,,,,,no,yes,yes,Green Giant,0.99,,,,,,,,,no,yes_,yes,Key Food label (store brand),4.99,,,,,,,,,no,yes,yes,Cream O Land,2.49,,,,,,,,no,yes,Sunshine Farms,1.49,no,,yes,yes,Urban meadow freah ,1.79,,,,,,
63,FM0000583693,7/30/2019 18:11,Ozzie's Fresh Market,635 GRAND STREET,11211,11211,BROOKLYN,40.711386,-73.946695,999028,198458,3604001,301,"NYC-Brooklyn Community District 1--Greenpoint & Williamsburg PUMA, New York",unknown,yes,no,,,,Navel,Tropicana,piece,1,0.99,,,no,yes,Chiquita,0.79,no,,yes,Well Pict,3.49,,no,yes,yes,,2.49,,,,,,,,,no,yes,yes,,0.98,,,,,,,,no,yes,no,,,,Russet,Green Giant,pound,10,5.99,,,no,yes_,yes,Ozzie's,6.29,,,,,,,,,no,yes,yes,Cream O Land,2.59,,,,,,,,no,yes,Sunshine Farms,2,no,yes,yes,yes,Gold Medal,1.99,,,,,,
64,FM0000596843,4/1/2019 20:41,Fine Fare Supermarkets,1718 MADISON AVENUE,10029,10029,MANHATTAN,40.798265,-73.94612,999168,230111,3603804,111,"NYC-Manhattan Community District 11--East Harlem PUMA, New York",unknown,yes,no,,,,Navel,Sun Pacific,piece,3,1,yes,,no,yes,Dole,0.79,no,yes,yes,Expo Fresh,2.99,yes,no,yes,yes,Intergrow,3,,,,,,,,,no,yes,no,,,,Romaine,Queen Victoria,3 heads,3.99,yes,,no,yes,yes,,0.99,yes,,,,,,,,no,yes_,no,,,,85,Sirloin ,Fine Fare label (store brand),0.67,4.68,,,no,yes,yes,Derle Hygrade ,2.49,,,,,,,,no,yes,Crystal Springs,1.89,no,,yes,yes,Gold Medal,1.99,,,,,,
65,FM0000606706,3/27/2019 18:33,Whole Foods Market,100 WEST 125 STREET,10027,10027,MANHATTAN,40.807877,-73.945747,999269,233613,3603803,110,"NYC-Manhattan Community District 10--Central Harlem PUMA, New York",unknown,yes,yes,,1.79,,,,,,,,,no,yes,,0.49,no,,yes,Driscoll’s ,3.49,yes,no,yes,yes,Backyard Farms,1.99,,,,,,,,,no,yes,yes,,2.49,,,,,,,,yes,yes,yes,,0.79,,,,,,,,,no,yes_,yes,Nature’s Rancher,10.99,,,,,,,,,yes,yes,yes,365 Everyday Value,2.39,,,,,,,,no,yes,365 Everyday Value,2.99,no,,yes,yes,365 Everyday Value ,2.99,,,,,,
66,FM0000613123,3/14/2019 18:40,Busy Bee Food Exchange ,185 NASSAU AVENUE,11222,11222,BROOKLYN,40.725455,-73.945727,999293,203584,3604001,301,"NYC-Brooklyn Community District 1--Greenpoint & Williamsburg PUMA, New York",unknown,yes,no,,,,Navel ,Sunkist ,piece,1,0.85,,,no,no,,,,,no,,,,,no,,,,,,,,,,,,,yes,no,,,,Romaine,Andy Boy,3 heads,3.49,,,no,yes,yes,,0.69,,,,,,,,,no,yes_,no,,,,,Ground beef (no type),,1.18,6.38,,,no,yes,yes,Cream O Land,2.59,,,,,,,,no,yes,Sauder’s Eggs,1.99,no,,yes,yes,Arnold,2.99,,,,,,
67,FM0000623989,3/21/2019 17:30,Fine Fare Supermarkets ,10-07 41 AVENUE,11101,11101,QUEENS,40.755617,-73.945577,999328,214573,3604101,401,"NYC-Queens Community District 1--Astoria & Long Island City PUMA, New York",unknown,yes,no,,,,Navel,Sunkist ,piece,5,4,yes,,no,yes,Del Monte ,0.59,no,yes,no,,,,,yes,no,,,,Plum ,,pound,1,1.29,yes,,no,no,,,,,,,,,,,,yes,yes,,0.99,yes,,,,,,,,no,yes_,yes,Fine Fare label (store brand),5.99,,,,,,,,,no,yes,yes,Derle Hygrade,2.69,,,,,,,,no,yes,Pine Belt Eggs,2.29,no,,yes,yes,Arnold ,2.5,,,,,,
68,FM0000630124,4/10/2019 19:47,Super Foodtown,1420 FULTON STREET,11216,11216,BROOKLYN,40.6801,-73.944322,999693,187060,3604003,303,"NYC-Brooklyn Community District 3--Bedford-Stuyvesant PUMA, New York",yes,yes,no,,,,Navel,,piece,3,2,,,no,yes,Chiquita,0.79,no,,yes,Supreme Berry Farms ,3.99,,no,yes,yes,Backyard Farms,1.98,,,,,,,,,no,yes,yes,,1.99,,,,,,,,no,yes,yes,,1.29,,,,,,,,,no,yes_,yes,Foodtown label (store brand),5.99,,,,,,,,,no,yes,yes,Foodtown ,2.69,,,,,,,,no,yes,Sunshine Farms ,2.29,no,,yes,yes,Nature’s Own ,2.49,yes,,,,,
69,FM0000640940,7/30/2019 19:11,C-Town,330 VIA VESPUCCI,11211,11211,BROOKLYN,40.714034,-73.944294,999693,199423,3604001,301,"NYC-Brooklyn Community District 1--Greenpoint & Williamsburg PUMA, New York",unknown,yes,no,,,,Navel,Sunkist,piece,4,5,yes,,no,yes,,0.69,no,,yes,Driscolls,2.5,,no,yes,yes,Intergrow,1.99,,,,,,,,,no,yes,no,,,,Romaine,,1 lb,2.99,,,no,yes,yes,,0.99,,,,,,,,,no,yes_,yes,C Town,6.99,,,,,,,,,no,yes,yes,Cream O Land,2.99,,,,,,,,no,yes,Sunshine Farm,2.19,no,,yes,yes,Krasdale,2.19,,,,,,
70,FM0000654803,4/1/2019 20:42,Foodtown ,756 SAINT NICHOLAS AVENUE,10031,10031,MANHATTAN,40.826046,-73.943279,999948,240233,3603802,109,"NYC-Manhattan Community District 9--Hamilton Heights, Manhattanville & West Harlem PUMA; New York",unknown,yes,no,,,,Navel,Sunkist ,piece,3,2.49,,,no,yes,Dole,0.69,no,,yes,Expo Fresh,3.99,,no,yes,yes,Backyard Farms,2.49,yes,,,,,,,,no,yes,yes,,2.99,,,,,,,,no,yes,yes,,0.99,,,,,,,,,no,yes_,yes,Rancher’s Legend,5.99,,,,,,,,,no,yes,yes,Tuscan ,2.59,,,,,,,,no,yes,Pine Belt Eggs,2.99,no,,yes,yes,Nature’s Own ,2.5,,,,,,
71,FM0000664829,3/19/2019 19:25,Shop Fair Supermarket,3871 BROADWAY,10032,10032,MANHATTAN,40.836926,-73.942796,1000079,244197,3603801,112,"NYC-Manhattan Community District 12--Washington Heights, Inwood & Marble Hill PUMA; New York",unknown,yes,no,,,,Navel,Sunkist ,piece,8,2,yes,,no,yes,Dole,0.55,no,yes,yes,Berry Boss,2.49,,no,yes,yes,Kinova ,1.99,yes,,,,,,,,no,yes,yes,,1.79,yes,,,,,,,no,yes,no,,,,Russet ,GPOD,pound,10,6.99,yes,,no,yes_,yes,Shop Fair label (store brand),5.99,,,,,,,,,no,yes,yes,Diary Pure,2.49,,,,,,,,no,yes,Jack’s Egg Farm,2.49,no,,yes,yes,Arnold,2.5,,,,,,
72,FM0000669363,7/30/2019 18:39,Bravo Supermarket,769A GRAND STREET,11211,11211,BROOKLYN,40.711782,-73.942532,1000182,198603,3604001,301,"NYC-Brooklyn Community District 1--Greenpoint & Williamsburg PUMA, New York",unknown,yes,no,,,,Navel,Minneola,piece,1,0.99,,,no,yes,,0.49,no,,yes,Driscolls,2.5,yes,no,yes,yes,Intergrow,1.49,,,,,,,,,no,yes,yes,,1.99,,,,,,,,no,yes,yes,,0.99,,,,,,,,,no,yes_,yes,Bravo,6.99,,,,,,,,,no,yes,yes,Cream O Land,2.19,,,,,,,,no,yes,Sunshine Farms,2.19,no,,yes,yes,Sara Lee,2.99,,,,,,
73,FM0000680726,3/21/2019 18:06,Foodcellar Market,43-18 CRESCENT STREET,11101,11101,QUEENS,40.748661,-73.942363,1000220,212039,3604109,402,"NYC-Queens Community District 2--Sunnyside & Woodside PUMA, New York",unknown,yes,no,,,,Navel ,Sunkist ,piece,4,5,yes,,no,yes,Chiquita ,0.79,no,,yes,Driscoll’s ,6.99,,no,yes,yes,Global Green Team,1.99,,,,,,,,,no,yes,yes,,2.49,,,,,,,,no,yes,yes,,0.99,,,,,,,,,no,yes_,yes,Foodcellar label (store brand),7.99,,,,,,,,,no,yes,yes,Hood,2.79,,,,,,,,no,yes,Quaker State,2.99,no,,yes,yes,Arnold ,2.99,,,,,,
74,FM0000688457,3/14/2019 20:28,Bravo Supermarket ,785 GRAND STREET,11211,11211,BROOKLYN,40.711864,-73.941706,1000411,198633,3604001,301,"NYC-Brooklyn Community District 1--Greenpoint & Williamsburg PUMA, New York",unknown,yes,no,,,,Navel ,American Lady,pound,4,2.99,yes,,no,yes,Dole,0.69,no,yes,no,,,,,yes,no,,,,Plum,,pound,1,0.99,yes,,no,no,,,,,,,,,,,,yes,yes,,1.29,yes,,,,,,,,no,yes_,yes,Bravo label (store brand),5.99,,,,,,,,,no,no,,,,,,,,,,,,yes,Sunshine Farms,3.99,yes,,yes,yes,Arnold,2.5,,,,,,
75,FM0000698406,6/7/2019 17:42,City Fresh Market ,57 KINGSLAND AVENUE,11211,11211,BROOKLYN,40.718028,-73.940384,1000776,200879,3604001,301,"NYC-Brooklyn Community District 1--Greenpoint & Williamsburg PUMA, New York",unknown,yes,no,,,,Navel ,Sunkist ,piece,2,1,,,no,yes,Dole,0.39,no,,yes,Foxy ,4.99,,no,yes,yes,Double Diamond Farms ,1.99,,,,,,,,,no,yes,yes,,1.69,,,,,,,,no,yes,yes,,1.19,,,,,,,,,no,yes_,yes,City Fresh market label (store brand),6.99,,,,,,,,,no,yes,yes,Derle Hygrade,2.69,,,,,,,,no,yes,Cherry Valley,2.69,no,,yes,yes,Sara Lee,2.99,,,,,,
76,FM0000704553,4/9/2019 20:10,Aldi,3785 NOSTRAND AVENUE,11235,11235,BROOKLYN,40.59126,-73.940108,1000884,154694,3604016,315,"NYC-Brooklyn Community District 15--Sheepshead Bay, Gerritsen Beach & Homecrest PUMA; New York",unknown,yes,yes,Sun Pacific,0.5,,,,,,,,,no,yes,Chiquita ,0.44,no,,yes,Better Berry,2.69,,no,yes,yes,Intergrow ,1.46,,,,,,,,,no,yes,no,,,,Iceberg ,Dole,1 head,1.39,,,no,yes,yes,Penn’s Own,0.4,,,,,,,,,no,yes_,yes,,3.99,,,,,,,,,no,yes,yes,Friendly Farms,2.19,,,,,,,,no,yes,Goldenhen,1.99,no,,yes,yes,L’oven Fresh,1.49,,,,,,
77,FM0000721765,3/19/2019 19:25,C-Town,1016 SAINT NICHOLAS AVENUE,10032,10032,MANHATTAN,40.83505,-73.939809,1000906,243514,3603801,112,"NYC-Manhattan Community District 12--Washington Heights, Inwood & Marble Hill PUMA; New York",unknown,yes,no,,,,Navel,Sunkist ,piece,4,2,yes,,no,yes,Chiquita,0.59,no,yes,yes,Red Blossom,3.99,yes,no,yes,no,,,,Plum ,,pound,1,1.49,yes,,no,yes,yes,,1.76,,,,,,,,no,yes,no,,,,Russet ,Sunfresh,pound,10,4.99,yes,,no,yes_,yes,C-Town label (store brand),6.09,,,,,,,,,no,yes,no,,,,Cream O Land,1/2 gallon ,whole,2.49,,,no,yes,Eggland’s Best,2.99,no,yes,yes,yes,Stroehmann,2.5,,,,,,
78,FM0000731608,3/19/2019 19:25,Gristedes,4037 BROADWAY,10032,10032,MANHATTAN,40.842265,-73.939282,1001050,246143,3603801,112,"NYC-Manhattan Community District 12--Washington Heights, Inwood & Marble Hill PUMA; New York",unknown,yes,no,,,,Navel,Sunkist ,piece,3,5,,,no,yes,Dole,0.79,no,,yes,Driscoll’s,5.99,,no,yes,yes,Backyard Farms,2.99,,,,,,,,,no,yes,yes,,2.99,,,,,,,,no,yes,no,,,,Idaho ,Green Giant ,pound,5,5.99,,,no,yes_,yes,Laura’s Lean Beef,4.99,yes,,,,,,,,no,yes,yes,Tuscan ,2.69,,,,,,,,no,yes,Best Yet,2.89,no,,yes,yes,Arnold ,3.99,yes,,,,,
79,FM0000735149,3/29/2019 18:24,Ideal Food Basket,830 LAFAYETTE AVENUE,11221,11221,BROOKLYN,40.691263,-73.939239,1001100,191128,3604003,303,"NYC-Brooklyn Community District 3--Bedford-Stuyvesant PUMA, New York",unknown,yes,no,,,,Navel,Sunkist,piece,5,5,,,no,yes,Chiquita,0.79,no,,yes,Berry Boss,3.99,,no,yes,yes,Magic Sun,1.99,,,,,,,,,no,yes,yes,,1.67,,,,,,,,no,yes,yes,,1.29,,,,,,,,,no,yes_,yes,Store label (store brand),4.99,,,,,,,,,no,yes,yes,Cream O Land,2.39,,,,,,,,no,yes,Ideal Fresh Eggs (store brand),1.69,no,,yes,yes,Sara Lee,2.99,,,,,,
80,FM0000743642,3/18/2019 21:47,Shop Fair Supermarket ,4121 CHURCH AVENUE,11203,11203,BROOKLYN,40.651348,-73.938767,1001241,176586,3604010,317,"NYC-Brooklyn Community District 17--East Flatbush, Farragut & Rugby PUMA; New York",unknown,yes,no,,,,Navel,Sunkist ,piece,2,1,,,no,yes,Dole,0.69,no,,no,,,,,yes,no,,,,Plum,,pound,1,1.69,,,no,yes,yes,,1.49,,,,,,,,no,yes,yes,,0.89,,,,,,,,,no,yes_,yes,Shop fair label (store brand),5.49,,,,,,,,,no,yes,yes,Cream O Land,2.69,,,,,,,,no,yes,Pinebelt,1.99,no,,yes,yes,Arnold ,2.5,,,,,,
81,FM0000757567,4/15/2019 18:02,Best Market,19-30 37 AVENUE,11101,11101,QUEENS,40.758938,-73.938542,1001276,215784,3604101,401,"NYC-Queens Community District 1--Astoria & Long Island City PUMA, New York",unknown,yes,no,,,,Navel ,Paramount ,piece,3,2,yes,,no,yes,Belinda,0.68,yes,yes,yes,Bobalu,2.5,yes,no,yes,yes,Village Farms,1.68,yes,,,,,,,,no,yes,yes,,1.78,,,,,,,,no,yes,yes,,0.89,,,,,,,,,no,yes_,yes,Best Market label (store brand),5.69,,,,,,,,,no,yes,yes,Best Market,2.39,,,,,,,,no,yes,Best Market ,1.79,no,,yes,yes,Arnold,2.5,,,,,,
82,FM0000770013,8/9/2019 18:31,Bravo Supermarket,4138 BROADWAY,10033,10033,MANHATTAN,40.84608,-73.938473,1001273,247533,3603801,112,"NYC-Manhattan Community District 12--Washington Heights, Inwood & Marble Hill PUMA; New York",unknown,yes,no,,,,Navel,Sunkist,piece,1,1,,,no,yes,Chiquita,0.69,no,,yes,Driscoll's,2.5,yes,no,yes,yes,Bravo,1.99,,,,,,,,,no,yes,yes,,2.99,,,,,,,,no,yes,yes,,0.99,,,,,,,,,no,yes_,yes,Bravo,4.99,,,,,,,,,no,yes,yes,Milkland Farms,2.19,,,,,,,,no,yes,Bravo,1.99,no,,yes,yes,Holsum,1.99,,,,,,
83,FM0000770014,3/19/2019 19:25,Bravo Supermarket ,4138 BROADWAY,10033,10033,MANHATTAN,40.84608,-73.938473,1001273,247533,3603801,112,"NYC-Manhattan Community District 12--Washington Heights, Inwood & Marble Hill PUMA; New York",unknown,yes,no,,,,Navel ,Sunkist ,piece,5,1,yes,,no,yes,Chiquita ,0.69,no,,yes,Berry People,2.99,yes,yes,yes,yes,Bravo label (store brand),1.99,,,,,,,,,no,yes,no,,,,Iceberg ,Bravo label (store brand),1 head,1.99,,,no,yes,yes,,0.99,,,,,,,,,no,yes_,no,,,,75,Ground beef,Bravo label (store brand),1.41,4.92,yes,,no,yes,yes,Midland Farms,2.19,,,,,,,,no,yes,Nelms Eggs,1.99,no,yes,yes,yes,Fiber One,2.49,,,,,,
84,FM0000779315,3/19/2019 19:25,Key Food,1239 SAINT NICHOLAS AVENUE,10032,10032,MANHATTAN,40.843373,-73.938088,1001380,246547,3603801,112,"NYC-Manhattan Community District 12--Washington Heights, Inwood & Marble Hill PUMA; New York",unknown,yes,no,,,,Navel,,piece,4,3,,,no,yes,Ms. Belinda,0.69,no,,no,,,,,yes,yes,Village Farms,2.99,,,,,,,,,no,yes,no,,,,Romaine,Dole ,3 heads,3.69,,,no,yes,yes,Green Giant,0.99,yes,,,,,,,,no,yes_,yes,Key Food label (store brand),6.99,,,,,,,,,no,yes,yes,Farmers Choice,2.79,,,,,,,,no,yes,Eggland’s Best,1.99,no,,yes,yes,Stroehmann ,2.5,,,,,,
85,FM0000782466,4/10/2019 19:47,Fine Fare Supermarkets,476 MARCUS GARVEY BOULEVARD,11216,11216,BROOKLYN,40.680492,-73.937562,1001568,187204,3604003,303,"NYC-Brooklyn Community District 3--Bedford-Stuyvesant PUMA, New York",unknown,yes,no,,,,Jumbo navel ,,piece,1,1.19,yes,,no,yes,Dole,0.89,no,yes,no,,,,,yes,yes,Delcampo Reserve ,2.99,yes,,,,,,,,no,yes,no,,,,Red leaf,,1 head ,2.99,yes,,no,yes,yes,,1.29,yes,,,,,,,,no,yes_,yes,Meadowland Farms ,5.99,,,,,,,,,no,yes,yes,Cream O Land,2.89,,,,,,,,no,yes,Sunshine Farms ,2.99,no,,yes,yes,Super Bread ,1.99,,,,,,
86,FM0000798613,8/9/2019 17:54, Bravo Supermarket,1331 ST NICHOLAS AVENUE,10033,10033,MANHATTAN,40.846443,-73.935841,1002001,247666,3603801,112,"NYC-Manhattan Community District 12--Washington Heights, Inwood & Marble Hill PUMA; New York",unknown,yes,no,,,,Navel,Sunkist,piece,1,1,,,no,yes,Chiquita,0.69,no,,yes,Driscoll's,1.99,,no,yes,yes,Intergrow,1.99,,,,,,,,,no,yes,yes,Jersey Fresh,1.49,,,,,,,,no,yes,yes,,1.49,,,,,,,,,no,yes_,yes,Bravo,5.99,,,,,,,,,no,yes,yes,Cream O Land,2.19,,,,,,,,no,yes,Sunshine Farms,1.99,no,,yes,yes,Nature's Own,2.5,yes,,,,,
87,FM0000798623,3/19/2019 19:25,Bravo Supermarket ,1331 SAINT NICHOLAS AVENUE,10033,10033,MANHATTAN,40.846443,-73.935841,1002001,247666,3603801,112,"NYC-Manhattan Community District 12--Washington Heights, Inwood & Marble Hill PUMA; New York",unknown,yes,no,,,,Navel,Jaffa Orri,piece,5,5,yes,,no,yes,Del Monte,0.69,no,,yes,Well Pict,2.5,yes,no,yes,yes,Bravo label (store brand),1.89,,,,,,,,,no,yes,no,,,,Iceberg ,Foxy,1 head,1.69,yes,Romaine available but not priced. ,,yes,yes,,0.99,yes,,,,,,,,no,yes_,yes,Bravo label (store brand),4.99,yes,,,,,,,,no,yes,yes,Midland Farms,2.19,yes,,,,,,,no,yes,Sunshine Farms,1.99,no,yes,yes,yes,Krasdale ,1.99,,,,,,
88,FM0000806256,4/1/2019 20:41,Fine Fare Supermarkets,2330 1 AVENUE,10035,10035,MANHATTAN,40.798278,-73.933731,1002598,230118,3603804,111,"NYC-Manhattan Community District 11--East Harlem PUMA, New York",unknown,yes,no,,,,Navel,Sunkist ,piece,3,2,yes,,no,yes,Dole,0.89,no,yes,yes,Well Pict Berries,3.99,,no,yes,yes,Magic Sun,3.49,yes,,,,,,,,no,yes,yes,,1.99,yes,,,,,,,no,yes,yes,,0.99,yes,,,,,,,,no,yes_,yes,Fine Fare label (store brand),6.39,,,,,,,,,no,yes,yes,Derle Hygrade,2.39,yes,,,,,,,no,yes,Hillandale Farms,1.67,no,yes,yes,yes,Arnold,2.5,,,,,,
89,FM0000810301,3/18/2019 21:47,Ideal Food Basket,4806 CHURCH AVENUE,11203,11203,BROOKLYN,40.651647,-73.932143,1003079,176696,3604010,317,"NYC-Brooklyn Community District 17--East Flatbush, Farragut & Rugby PUMA; New York",unknown,yes,no,,,,Navel ,Sun Pacific ,piece,2,1,,,no,yes,Dole,0.69,no,,yes,Red Blossom,3.49,,no,yes,yes,Magic Sun,1.49,,,,,,,,,no,yes,yes,,1.99,,,,,,,,no,yes,yes,,0.99,,,,,,,,,no,yes_,yes,Ideal Food Basket (label) store brand,6.99,,,,,,,,,no,yes,yes,Cream O Land,2.29,,,,,,,,no,yes,Ideal Fresh Eggs (store brand),1.69,no,,yes,yes,Ideal (store brand),1.99,,,,,,
90,FM0000824553,3/22/2019 17:52,City Fresh Market,21-15 BROADWAY,11106,11106,QUEENS,40.765115,-73.931475,1003232,218036,3604101,401,"NYC-Queens Community District 1--Astoria & Long Island City PUMA, New York",unknown,yes,no,,,,Navel,Sunkist ,piece,5,2,,,no,yes,Dole,0.49,no,yes,yes,Berry Valley,3.99,,no,yes,yes,Magic Sun,1.99,,,,,,,,,no,yes,yes,,2.5,,,,,,,,no,yes,yes,,0.89,,,,,,,,,no,yes_,yes,City Fresh Market label (store brand),6.99,,,,,,,,,no,yes,yes,Derle Hygrade,2.59,,,,,,,,no,yes,Cherry Valley,2.19,no,,yes,yes,Arnold ,2.5,,,,,,
91,FM0000833819,8/6/2019 17:33,Bravo Supermarket,24-18 34 AVENUE,11106,11106,QUEENS,40.761563,-73.931299,1003282,216742,3604101,401,"NYC-Queens Community District 1--Astoria & Long Island City PUMA, New York",unknown,yes,no,,,,Navel Oranges,,piece,1,0.5,,,no,yes,Chiquita,0.69,no,,yes,Foxy,2,yes,no,yes,yes,Canada,1.29,,,,,,,,,no,yes,yes,,1.99,,,,,,,,no,yes,yes,,0.99,,,,,,,,,no,yes_,yes,Bravo Supermarket,5.39,,,,,,,,,no,yes,yes,Derle Farms Hygrade,2.49,,,,,,,,no,yes,Sunshine Farms,1.25,no,,yes,yes,Krasdale,2.19,,,,,,
92,FM0000843060,3/22/2019 18:22,Key Food,30-13 36 AVENUE,11106,11106,QUEENS,40.756877,-73.930358,1003544,215035,3604101,401,"NYC-Queens Community District 1--Astoria & Long Island City PUMA, New York",unknown,yes,no,,,,Navel,Sunkist,piece,5,2.99,,,no,no,,,,,yes,GPC,3.99,,no,yes,no,,,,Plum,,pound,1,1.99,,,no,yes,no,,,,Red leaf,,1 head,1.99,,,no,yes,yes,,0.99,yes,,,,,,,,no,yes_,yes,Key Food label (store brand),6.99,,,,,,,,,no,yes,yes,Cream O Land,2.49,,,,,,,,no,yes,Sunshine Farms,1.49,no,,yes,yes,Arnold,2.5,,,,,,
93,FM0000852960,3/22/2019 17:35,Trade Fair,23-55 BROADWAY,11106,11106,QUEENS,40.764299,-73.93,1003641,217739,3604101,401,"NYC-Queens Community District 1--Astoria & Long Island City PUMA, New York",unknown,yes,no,,,,Navel,Sun Pacific ,piece,6,2,,,no,yes,Dole,0.5,no,,yes,Driscoll’s,5.99,,no,yes,no,,,,Beefsteak,,pound,1,1.49,,,no,yes,no,,,,Romaine ,Ocean Mist,3 heads,3.49,,,no,yes,yes,,0.99,,,,,,,,,no,yes_,yes,Trade Fair label (store brand),5.79,,,,,,,,,no,yes,yes,Farmland,2.49,,,,,,,,no,yes,Trade Fair,1.59,no,,yes,yes,Super Bread,2.5,,,,,,
94,FM0000865548,5/17/2019 17:32,Fine Fare Supermarkets,1617 ST NICHOLAS AVENUE,10040,10040,MANHATTAN,40.855415,-73.929286,1003812,250936,3603801,112,"NYC-Manhattan Community District 12--Washington Heights, Inwood & Marble Hill PUMA; New York",unknown,yes,no,,,,Navel ,Paramount ,piece,5,5,yes,,no,yes,Chiquita ,0.89,no,,yes,Driscoll’s ,2.5,yes,no,yes,yes,Intergrow ,2.99,,,,,,,,,no,yes,no,,,,Green leaf ,,1 head ,2.49,,,no,yes,yes,,0.79,yes,,,,,,,,no,yes_,yes,Fine fare label (store brand),5.19,,,,,,,,,no,yes,yes,Dairy pure ,2.89,,,,,,,,no,yes,Hillandale Farms ,1.89,no,,yes,yes,Nature’s Own ,2.5,,,,,,
95,FM0000868568,3/29/2019 18:00,Premier Food Fresh Market,1165 BROADWAY,11221,11221,BROOKLYN,40.69295,-73.928106,1004187,191745,3604002,304,"NYC-Brooklyn Community District 4--Bushwick PUMA, New York",unknown,yes,no,,,,Navel,Sunkist,piece,4,4,yes,,no,yes,Chiquita ,0.89,no,yes,yes,Driscoll’s ,5.99,,no,yes,yes,Nature Fresh Farms,3.99,,,,,,,,,no,yes,yes,,2.49,yes,,,,,,,no,yes,yes,,0.99,yes,,,,,,,,no,yes_,yes,Premier food label (store brand),5.99,,,,,,,,,no,yes,yes,Tuscan,2.99,,,,,,,,no,yes,Sunshine Farms ,3.79,no,,yes,yes,Sara Lee,2.99,,,,,,
96,FM0000878175,8/6/2019 20:00,Fine Fare Supermarkets,1305 MYRTLE AVENUE,11221,11221,BROOKLYN,40.69798,-73.926326,1004679,193578,3604002,304,"NYC-Brooklyn Community District 4--Bushwick PUMA, New York",unknown,yes,no,,,,Navel Orange,Sunkist,piece,1,0.4,yes,,,yes,Chiquita,0.69,no,,yes,Foxy,2.5,,no,yes,yes,Double Diamond Farms,1.99,,,,,,,,,no,yes,yes,,2,,,,,,,,no,yes,yes,,0.99,,,,,,,,,no,yes_,yes,Fine Fare,5.69,,,,,,,,,no,,,,,,,,,,,,,yes,Sunshine Farms,2.29,no,,yes,yes,Gold Medal,2.5,,,,,,
97,FM0000878176,3/29/2019 18:55,Fine Fare Supermarkets ,1305 MYRTLE AVENUE,11221,11221,BROOKLYN,40.69798,-73.926326,1004679,193578,3604002,304,"NYC-Brooklyn Community District 4--Bushwick PUMA, New York",unknown,yes,no,,,,Navel,Sunkist,piece,5,5,,,no,yes,Chiquita ,0.59,no,yes,yes,Driscoll’s ,5.99,yes,no,yes,yes,Magic Sun,1.99,yes,,,,,,,,no,yes,yes,,2,yes,,,,,,,no,yes,yes,,0.99,,,,,,,,,no,yes_,yes,Black Canyon ,5.99,,,,,,,,,no,yes,yes,Cream O Land,2.49,,,,,,,,no,yes,Sunshine Farms,1.67,no,yes,yes,yes,Nature’s Own,2.49,,,,,,
98,FM0000887273,8/6/2019 20:54,Foodtown,800 JEFFERSON AVENUE,11221,11221,BROOKLYN,40.686128,-73.925243,1004983,189260,3604003,303,"NYC-Brooklyn Community District 3--Bedford-Stuyvesant PUMA, New York",unknown,yes,no,,,,Navel,Homegrown organic farms,piece,1,1.5,yes,,yes,yes,Chiquita,0.59,no,,yes,Foxy,4.99,yes,no,yes,yes,Nature Fresh Farms,1.99,,,,,,,,,no,yes,yes,,1.49,,,,,,,,no,yes,yes,,0.99,yes,,,,,,,,no,yes_,yes,Foodtown,5.99,,,,,,,,,no,yes,yes,Cream O Land,2.29,,,,,,,,no,yes,Sunshine Farms,1.59,no,,yes,yes,Arnold Stoneground,3.69,,,,,,
99,FM0000902352,4/11/2019 16:00,Key Food,885 GERARD AVENUE,10452,10452,BRONX,40.827976,-73.924675,1005096,240940,3603708,204,"NYC-Bronx Community District 4--Concourse, Highbridge & Mount Eden PUMA; New York",unknown,yes,no,,,,Navel,Sunkist ,piece,5,2,,,no,yes,Dole,0.89,no,yes,yes,Beach Street Farms,4.99,yes,no,yes,yes,Village Farms,2.99,yes,,,,,,,,no,yes,yes,,1.99,,,,,,,,no,yes,yes,Green Giant,0.99,yes,,,,,,,,no,yes_,no,,,,85,Ground beef ,Key Food label (store brand),1.385,8.71,,,no,yes,yes,Cream O Land,2.49,,,,,,,,no,yes,Sunshine Farms,1.99,no,,yes,yes,Urban Meadow,1.99,,,,,,
100,FM0000909767,3/22/2019 18:56,C-Town,34-12 34 AVENUE,11106,11106,QUEENS,40.758455,-73.924671,1005119,215611,3604101,401,"NYC-Queens Community District 1--Astoria & Long Island City PUMA, New York",unknown,yes,no,,,,Navel,,piece,6,1.99,yes,,no,yes,Chiquita ,0.59,no,,no,,,,,yes,yes,,2.49,,,,,,,,,no,yes,no,,,,Iceberg ,Ocean mist,1 head,1.99,,,no,yes,yes,,0.99,yes,,,,,,,,no,yes_,yes,C-Town label (store brand),5.99,,,,,,,,,no,yes,yes,Derle Hygrade ,1.99,,,,,,,,no,yes,Sunshine Farms,1.69,no,,yes,yes,Krasdale,1.99,,,,,,
101,FM0000915882,3/29/2019 17:36,Foodtown,1291 BROADWAY,11221,11221,BROOKLYN,40.69081,-73.924333,1005234,190966,3604002,304,"NYC-Brooklyn Community District 4--Bushwick PUMA, New York",unknown,yes,no,,,,Navel,,piece,6,2,,,no,yes,Chiquita ,0.59,no,yes,yes,Driscoll’s,5.99,,yes,yes,yes,Backyard Farms,2.49,yes,,,,,,,,no,yes,yes,Foxy ,1.99,yes,,,,,,,no,yes,yes,Green Giant,0.8,,,,,,,,,no,yes_,yes,Rancher’s Legend,6.19,,,,,,,,,no,yes,yes,Cream O Land,1.99,,,,,,,,no,yes,Mitlitsky Eggs,1.19,no,,yes,yes,Nature’s Own,2.49,,,,,,
102,FM0000930297,3/13/2019 15:13,Pioneer Supermarket,250 WILLIS AVENUE,10454,10454,BRONX,40.809294,-73.922739,1005638,234134,3603710,201,"NYC-Bronx Community District 1 & 2--Hunts Point, Longwood & Melrose PUMA; New York",unknown,yes,no,,,,Navel,Sunkist ,piece,5,5,,,no,no,,,,,yes,GPC,0.99,,no,yes,no,,,,Plum,,pound,1,1.99,,,no,yes,yes,,1.99,,,,,,,,no,yes,yes,,0.99,,,,,,,,,no,no,,,,,,,,,,,,,yes,yes,Derle Hygrade,2.39,,,,,,,,no,yes,Mitlitskg Eggs,2.69,no,,no,,,,,,,,,
103,FM0000939968,3/13/2019 19:14,Fine Fare Supermarkets,675 MORRIS AVENUE,10451,10451,BRONX,40.820467,-73.921371,1006013,238205,3603710,201,"NYC-Bronx Community District 1 & 2--Hunts Point, Longwood & Melrose PUMA; New York",unknown,yes,no,,,,Navel,Sunkist ,piece,3,2,,,no,yes,Dole,0.5,no,,yes,Red Blossom ,2.99,,no,yes,no,,,,Plum,,pound,1,1.69,,,no,no,,,,,,,,,,,,yes,yes,Green Giant,0.6,,,,,,,,,no,yes_,yes,Fine Fare label (store brand),5.19,,,,,,,,,no,yes,yes,Cream O Land,2.79,,,,,,,,no,yes,Nelms Eggs,1.5,no,,yes,yes,Nature’s Own,2.49,,,,,,
104,FM0000950216,4/11/2019 16:21,Fine Fare Supermarkets,59 EAST 167 STREET,10452,10452,BRONX,40.835507,-73.920612,1006218,243685,3603708,204,"NYC-Bronx Community District 4--Concourse, Highbridge & Mount Eden PUMA; New York",unknown,yes,no,,,,Navel,Sunkist ,piece,5,2,,,no,yes,Bonita,0.79,no,,yes,Bobalu,5.99,,no,yes,yes,Magic Sun,2.79,,,,,,,,,no,yes,yes,,1.99,,,,,,,,no,yes,yes,,1.19,,,,,,,,,no,yes_,yes,Fine fare label (store brand),5.29,,,,,,,,,no,yes,yes,Cream O Land,2.39,,,,,,,,no,yes,Nelms Eggs ,2.19,no,,yes,yes,Arnold,2.5,,,,,,
105,FM0000957862,8/1/2019 19:43,Key Food,32-15 NEWTOWN AVENUE,11102,11102,QUEENS,40.766699,-73.920156,1006367,218616,3604101,401,"NYC-Queens Community District 1--Astoria & Long Island City PUMA, New York",unknown,yes,no,,,,Navel,,piece,4,5,yes,,no,yes,Belinda,0.79,no,,yes,Driscolls,2.98,,no,yes,no,,,,On the vine,Verano,pound,2.99,4.16,,,no,yes,yes,,0.98,,,,,,,,no,yes,yes,Green Giant,0.99,,,,,,,,,no,yes_,yes,Key Food,5.69,yes,,,,,,,,no,yes,yes,Cream O Land,2.49,,,,,,,,no,yes,Key Food,1.39,no,,yes,yes,Urban Meadow,1.89,,,,,,
106,FM0000968205,3/13/2019 15:43,C-Town,228 BROOK AVENUE,10454,10454,BRONX,40.807233,-73.91945,1006549,233384,3603710,201,"NYC-Bronx Community District 1 & 2--Hunts Point, Longwood & Melrose PUMA; New York",unknown,yes,no,,,,Navel,Sunkist ,piece,4,2,yes,,no,yes,Dole,0.59,no,yes,yes,Berry Boss,2.99,yes,no,yes,no,,,,Plum,,pound,1,0.99,yes,,no,yes,yes,,1.99,,,,,,,,no,yes,yes,,0.99,,,,,,,,,no,yes_,yes,C-Town label (store brand),3.99,yes,,,,,,,,no,no,,,,,,,,,,,,yes,Mitlitsy Eggs,2.59,no,yes,yes,yes,Stroehmann ,2.5,yes,,,,,
107,FM0000975369,8/1/2019 20:32,Key Food,46-02 QUEENS BOULEVARD,11104,11104,QUEENS,40.743129,-73.918546,1006821,210029,3604109,402,"NYC-Queens Community District 2--Sunnyside & Woodside PUMA, New York",unknown,yes,no,,,,Navel,Sunkist,piece,5,4,,,no,yes,Belinda,0.59,no,,yes,Driscolls,2,,no,yes,yes,Verano,1.29,,,,,,,,,no,yes,yes,,0.98,,,,,,,,no,yes,yes,Green Giant,0.99,,,,,,,,,no,yes_,yes,Key Food,6.49,,,,,,,,,no,yes,yes,Cream O Land,2.19,,,,,,,,no,yes,Sunshine Farms,0.89,no,yes,yes,yes,Stroehmann Dutch Country,2.5,yes,,,,,
108,FM0000987176,3/13/2019 16:22,C-Town,256 ST ANN'S AVENUE,10454,10454,BRONX,40.807174,-73.917229,1007164,233363,3603710,201,"NYC-Bronx Community District 1 & 2--Hunts Point, Longwood & Melrose PUMA; New York",unknown,yes,no,,,,Navel ,Sunkist ,piece,5,1.99,yes,,no,yes,Dole,0.59,no,,yes,Driscoll’s,3.99,,no,yes,yes,C-Town label (store brand),2.49,,,,,,,,,yes,no,,,,,,,,,,,,yes,yes,,0.99,yes,,,,,,,,no,yes_,yes,C-Town label (store brand),5.99,,,,,,,,,no,yes,no,,,,Derle Hygrade,Gallon ,1,3.99,yes,The $3.99 1 gallon of 1% cow’s milk was the only milk priced for cow’s milk. ,no,yes,Mitlitsky Eggs,1.89,no,,yes,yes,Pepperidge Farm,2.99,,,,,,
109,FM0000987210,8/2/2019 15:35,Pioneer Supermarket,256 ST ANN'S AVENUE,10454,10454,BRONX,40.807174,-73.917229,1007164,233363,3603710,201,"NYC-Bronx Community District 1 & 2--Hunts Point, Longwood & Melrose PUMA; New York",unknown,yes,no,,,,Navel,,piece,1,0.5,,,no,yes,Dole,0.59,no,,yes,Driscolls,3.49,,no,yes,no,,,,On the vine,Pioneer Market,pound,1,1.69,,,no,yes,no,,,,Green leaf lettuce,,1 bunch,1.99,,,no,yes,yes,,0.99,,,,,,,,,no,yes_,no,,,,,,Pioneer supermarket,2.16,4.89,yes,,no,yes,yes,Derle Farms Hygrade,2.39,,,,,,,,no,yes,Egglands best,4.29,no,,yes,yes,Holsum,2,yes,,,,,
110,FM0000998583,3/28/2019 19:28,C-Town,1750 DR MARTIN LUTHER KING JR BLVD,10453,10453,BRONX,40.849322,-73.917079,1007191,248719,3603707,205,"NYC-Bronx Community District 5--Morris Heights, Fordham South & Mount Hope PUMA; New York",unknown,yes,no,,,,Navel,Sunkist,piece,3,2,yes,,no,yes,Dole,0.89,no,yes,yes,Berry Boss,6.49,yes,no,yes,yes,C-Town label (store brand),2.49,,,,,,,,,no,yes,yes,,1.99,yes,,,,,,,no,yes,yes,,0.99,yes,,,,,,,,no,yes_,yes,Black Canyon Cattle Company,4.99,,,,,,,,,no,yes,yes,Cream O Land,2.49,yes,,,,,,,no,yes,Nelms Eggs,2.49,no,yes,yes,yes,Super Bread ,2.99,,,,,,
111,FM0001006662,8/2/2019 17:10,Key Food,760 MELROSE AVENUE,10451,10451,BRONX,40.821431,-73.915289,1007696,238558,3603710,201,"NYC-Bronx Community District 1 & 2--Hunts Point, Longwood & Melrose PUMA; New York",unknown,yes,no,,,,Navel,Sunkist,piece,1,1,yes,,no,yes,Belinda,0.69,no,,yes,Foxy,2.5,yes,no,yes,yes,Double Diamond Farms,0.99,,,,,,,,,no,yes,yes,,0.99,,,,,,,,no,yes,yes,,0.99,,,,,,,,,no,yes_,no,,,,80,Chuck,Key Food,1,3.99,,,no,yes,yes,Cream O Land,2.69,,,,,,,,no,yes,Sunshine Farms,2.19,no,yes,yes,yes,Urban Meadow,1.99,,,,,,
112,FM0001006663,3/13/2019 19:14,Key Food ,760 MELROSE AVENUE,10451,10451,BRONX,40.821431,-73.915289,1007696,238558,3603710,201,"NYC-Bronx Community District 1 & 2--Hunts Point, Longwood & Melrose PUMA; New York",unknown,yes,no,,,,Navel,Sunkist,piece,4,2,,,no,yes,Del Monte,0.69,no,,yes,C-B-I,2.99,,no,yes,no,,,,Plum,,pound,1,0.99,,,no,yes,yes,,1.99,,,,,,,,no,yes,yes,,0.99,,,,,,,,,no,yes_,yes,Key Food label (store brand),3.99,,,,,,,,,no,yes,yes,Cream O Land,2.69,,,,,,,,no,yes,Sunshine Farms,1.67,no,yes,yes,yes,Nature’s Own,2.49,,,,,,
113,FM0001016954,4/11/2019 17:10,Food Universe,148 EAST 170 STREET,10452,10452,BRONX,40.839055,-73.914663,1007863,244979,3603708,204,"NYC-Bronx Community District 4--Concourse, Highbridge & Mount Eden PUMA; New York",unknown,yes,no,,,,Navel,,piece,2,1,,,no,yes,Dole,0.69,no,yes,yes,Foxy ,2,yes,no,yes,yes,Bellflower ,2.49,yes,,,,,,,,no,yes,no,,,,Romaine ,Food universe label (store brand),3 small heads (no weight),1.49,,,no,yes,yes,,0.99,yes,,,,,,,,no,yes_,yes,Food universe label (store brand),5.81,,,,,,,,,no,yes,yes,Cream O Land,2.59,,,,,,,,no,yes,Jack’s Egg Farm,2.49,no,,yes,yes,Nature’s Own,2.5,,,,,,
114,FM0001026771,4/11/2019 16:45,Fine Fare Supermarkets,49 EAST MOUNT EDEN AVENUE,10452,10452,BRONX,40.843934,-73.913728,1008120,246757,3603708,204,"NYC-Bronx Community District 4--Concourse, Highbridge & Mount Eden PUMA; New York",unknown,yes,no,,,,Navel,,piece,5,4,,,no,yes,Dole,0.89,no,,no,,,,,yes,yes,,3.29,,,,,,,,,no,yes,no,,,,Iceberg ,Ocean mist farms,1 head,1.49,,,no,yes,yes,,1.29,,,,,,,,,no,yes_,yes,Fine fare label (store brand),5.69,,,,,,,,,no,yes,yes,Derle Hygrade,2.99,,,,,,,,no,yes,Nelms Farms,2.29,no,,yes,yes,Sara Lee,1.99,,,,,,
115,FM0001029980,3/29/2019 17:09,Super Pioneer Supermarket,1657 BROADWAY,11207,11207,BROOKLYN,40.684618,-73.913458,1008252,188713,3604002,304,"NYC-Brooklyn Community District 4--Bushwick PUMA, New York",unknown,yes,no,,,,Navel,Sunkist ,piece,6,1.99,yes,,no,yes,Chiquita,0.5,no,yes,yes,Berry Valley,3.99,,no,yes,no,,,,Plum ,,pound,1,0.99,,,no,yes,yes,,2.99,yes,,,,,,,no,yes,yes,,1.29,yes,,,,,,,,no,yes_,yes,Pioneer label (store brand),5.99,yes,,,,,,,,no,yes,yes,Cream O Land,2.79,,,,,,,,no,yes,Nelms Eggs,2.79,no,yes,yes,yes,Arnold ,2.59,,,,,,
116,FM0001044775,8/2/2019 17:33,Foodtown,3100 3 AVENUE,10451,10451,BRONX,40.821566,-73.912106,1008577,238608,3603710,201,"NYC-Bronx Community District 1 & 2--Hunts Point, Longwood & Melrose PUMA; New York",unknown,yes,no,,,,Navel,,piece,1,1,yes,,no,yes,Dole,0.69,no,,yes,Driscolls,2.99,,no,yes,yes,Double Diamond Farms,3.49,,,,,,,,,no,yes,yes,,1.49,,,,,,,,no,yes,yes,,0.99,,,,,,,,,no,yes_,yes,Foodtown,6.99,,,,,,,,,no,yes,yes,Tuscan Dairy Farms,2.69,,,,,,,,no,yes,Nelms Eggs,1.66,no,,yes,yes,Holsum,2,,,,,,
117,FM0001053388,4/15/2019 19:13,Key Food,22-15 31 STREET,11105,11105,QUEENS,40.775838,-73.911043,1008888,221948,3604101,401,"NYC-Queens Community District 1--Astoria & Long Island City PUMA, New York",unknown,yes,no,,,,Navel ,,piece,4,2,,,no,yes,Mrs. Belinda,0.79,no,,yes,Pacific Coast Produce ,2.99,yes,no,yes,yes,Double Diamond Farms,1.99,,,,,,,,,no,yes,yes,,1.99,,,,,,,,no,yes,yes,,0.99,,,,,,,,,no,yes_,yes,Key Food label (store brand),6.29,,,,,,,,,no,yes,yes,Cream O Land,2.49,,,,,,,,no,yes,Key Food,1.79,no,,yes,yes,Super Bread,2.49,,,,,,
118,FM0001065161,3/28/2019 19:27,Key Food,1791 WALTON AVENUE,10453,10453,BRONX,40.848015,-73.909927,1009170,248245,3603707,205,"NYC-Bronx Community District 5--Morris Heights, Fordham South & Mount Hope PUMA; New York",unknown,yes,no,,,,Navel ,,piece,5,5,yes,,no,yes,Belinda Superior Quality,0.69,no,,yes,Astin,3.49,yes,no,yes,yes,Maas,1.99,yes,,,,,,,,no,yes,yes,,2.49,yes,,,,,,,no,yes,yes,Green Giant ,0.99,yes,,,,,,,,no,yes_,yes,Key Food label (store brand),2.99,,,,,,,,,no,yes,yes,Cream O Land,2.29,,,,,,,,no,yes,Key Food,1.99,no,,yes,yes,Urban Meadow Fresh,1.99,,,,,,
119,FM0001073369,3/13/2019 19:13,C-Town,3220 3 AVENUE,10456,10451,BRONX,40.82348,-73.909043,1009424,239306,3603705,203,"NYC-Bronx Community District 3 & 6--Belmont, Crotona Park East & East Tremont PUMA; New York",unknown,yes,no,,,,Navel,Sunskist ,piece,5,1.99,,,no,no,,,,,yes,Guynn Family,2.5,,no,yes,no,,,,Plum,,pound,1,0.99,,,no,yes,no,,,,Iceberg ,Dole,1 head ,3.99,,,no,yes,yes,Green Giant ,0.89,,,,,,,,,no,yes_,yes,C-Town label (store brand),6.59,,,,,,,,,no,yes,yes,Cream O Land ,2.59,,,,,,,,no,no,,,,,yes,yes,Stroehmann ,2.5,,,,,,
120,FM0001081893,4/15/2019 18:50,Trade Fair,37-11 DITMARS BOULEVARD,11105,11105,QUEENS,40.773758,-73.907327,1009918,221191,3604101,401,"NYC-Queens Community District 1--Astoria & Long Island City PUMA, New York",unknown,yes,no,,,,Navel ,Sunkist ,piece,7,2,,,no,yes,Dole,0.69,no,,yes,Driscoll’s ,4.99,,no,yes,yes,Village Farms,1.99,,,,,,,,,no,yes,yes,,1.5,,,,,,,,no,yes,yes,,0.79,,,,,,,,,no,yes_,yes,Trade Fair label (store brand),5.99,,,,,,,,,no,yes,yes,Midland Farms,2.49,,,,,,,,no,yes,Trade Fair,0.99,no,yes,yes,yes,Nature’s Own ,2.5,,,,,,
121,FM0001093434,4/8/2019 20:18,Bravo ,248 EAST 174 STREET,10457,10457,BRONX,40.844692,-73.906863,1010019,247035,3603708,204,"NYC-Bronx Community District 4--Concourse, Highbridge & Mount Eden PUMA; New York",unknown,yes,no,,,,Navel,Sunkist ,piece,4,1,yes,,no,yes,Dole,0.79,no,yes,yes,Well Pict ,4.99,yes,no,yes,no,,,,Plum,,pound,1,0.99,yes,,no,yes,yes,,2.49,yes,,,,,,,no,yes,yes,,0.99,,,,,,,,,no,yes_,yes,Bravo label (store brand),5.99,,,,,,,,,no,yes,yes,Cream O Land,2.49,,,,,,,,no,yes,Jack’s Egg Farm,2.49,no,yes,yes,yes,Stroehmann,2.5,,,,,,
122,FM0001103393,3/28/2019 19:28,Food Universe Marketplace ,148 EAST BURNSIDE AVENUE,10453,10453,BRONX,40.852452,-73.904629,1010634,249863,3603707,205,"NYC-Bronx Community District 5--Morris Heights, Fordham South & Mount Hope PUMA; New York",unknown,yes,no,,,,Navel,,piece,5,5,,,no,yes,Del Monte,0.59,no,,yes,Beach Street Farms,5.49,,no,yes,yes,Del Campo,1.99,yes,,,,,,,,no,yes,yes,,1.99,,,,,,,,no,yes,yes,,0.99,,,,,,,,,no,yes_,yes,Food universe marketplace label (store brand),5.99,,,,,,,,,no,yes,yes,Cream O Land,2.39,,,,,,,,no,no,,,,,yes,yes,Sara Lee,1.99,,,,,,
123,FM0001110329,4/15/2019 18:33,Berry Fresh Farms,43-26 DITMARS BOULEVARD,11105,11105,QUEENS,40.771238,-73.903792,1010898,220274,3604101,401,"NYC-Queens Community District 1--Astoria & Long Island City PUMA, New York",unknown,yes,no,,,,Navel,CCH,piece,5,1,,,no,yes,Chiquita,0.69,no,,yes,Driscoll’s ,1.99,,no,yes,yes,Policella,1.69,,,,,,,,,no,yes,yes,,0.99,,,,,,,,no,yes,yes,,0.79,,,,,,,,,no,yes_,yes,Berry Fresh Farms label (store brand),4.99,,,,,,,,,no,yes,yes,Midland Farms ,2.49,,,,,,,,no,yes,Quaker State,2.79,no,,yes,yes,Arnold,2.5,,,,,,
124,FM0001121376,4/8/2019 20:18,C-Town,3690 3 AVENUE,10456,10456,BRONX,40.834976,-73.90353,1010945,243496,3603705,203,"NYC-Bronx Community District 3 & 6--Belmont, Crotona Park East & East Tremont PUMA; New York",unknown,yes,no,,,,Navel,Booth Ranchers,piece,4,2,,,no,yes,Chiquita ,0.79,no,,yes,Well Pict ,4.59,,no,yes,yes,Magic Sun,2.99,yes,,,,,,,,no,yes,yes,,1.89,,,,,,,,no,yes,yes,,1.09,,,,,,,,,no,yes_,yes,C-Town label (store brand),4.99,,,,,,,,,no,yes,yes,Cream O Land,2.39,,,,,,,,no,yes,Mitlitsky Eggs,1.67,no,,yes,yes,Krasdale ,1.5,,,,,,
125,FM0001127564,8/1/2019 21:15,Key Food,61-10 QUEENS BOULEVARD,11377,11377,QUEENS,40.741347,-73.903226,1011067,209384,3604109,402,"NYC-Queens Community District 2--Sunnyside & Woodside PUMA, New York",unknown,yes,no,,,,Navel,,piece,4,5,yes,,no,yes,Belinda,0.69,no,,yes,Driscoll,3.98,,yes,yes,yes,Nature Fresh,1.99,,,,,,,,,no,yes,yes,,0.98,,,,,,,,no,yes,yes,Green Giant,0.99,,,,,,,,,no,yes_,yes,Key Food,5.99,,,,,,,,,no,yes,yes,Cream O Land,2.39,,,,,,,,no,yes,Sunshine Farms,1.6,no,yes,yes,yes,Urban Meadow,1.89,,,,,,
126,FM0001141681,4/12/2019 19:34,Associated Supermarket,125 WEST KINGSBRIDGE ROAD,10468,10468,BRONX,40.86885,-73.902621,1011183,255838,3603701,208,"NYC-Bronx Community District 8--Riverdale, Fieldston & Kingsbridge PUMA; New York",unknown,yes,no,,,,Large navel ,,piece,3,2,,,no,yes,Del Monte ,0.79,no,,yes,Ocean spray ,3.49,,no,yes,yes,Village Farms ,1.79,,,,,,,,,no,yes,no,,,,Romaine ,Dole,3 heads ,2.99,,,no,yes,yes,,0.99,,,,,,,,,no,yes_,yes,Associated label (store brand),5.79,,,,,,,,,no,yes,yes,Dairy Pure,2.69,,,,,,,,no,yes,Pine Belt ,1.99,no,,yes,yes,Sara Lee,2.5,,,,,,
127,FM0001151266,4/12/2019 19:34,C-Town,2891 SEDGWICK AVENUE,10468,10468,BRONX,40.87486,-73.901314,1011542,258028,3603701,208,"NYC-Bronx Community District 8--Riverdale, Fieldston & Kingsbridge PUMA; New York",unknown,yes,no,,,,Navel,Sun Pacific ,piece,6,1.99,yes,,no,yes,Dole,0.79,no,,yes,Driscoll’s ,4.99,,no,yes,no,,,,Cherry ,Red sun ,pound,0.5625,1.99,,1 package (9oz or .5625 lbs.) of cherry tomatoes. ,no,yes,no,,,,Romaine ,Dole,3 heads,3.99,yes,,no,yes,yes,,0.99,,,,,,,,,no,yes_,yes,Meadowland Farms ,4.99,yes,,,,,,,,no,yes,yes,Cream O Land,2.29,,,,,,,,no,yes,Nelms Eggs,1.59,no,yes,yes,yes,Sara Lee,2.99,,,,,,
128,FM0001160416,4/8/2019 20:18,C-Town,309 EAST BURNSIDE AVENUE,10457,10457,BRONX,40.850588,-73.901133,1011602,249185,3603707,205,"NYC-Bronx Community District 5--Morris Heights, Fordham South & Mount Hope PUMA; New York",unknown,yes,no,,,,Navel,,piece,6,1.99,yes,,no,yes,Chiquita ,0.79,no,,yes,Red Blossom ,2.5,,no,yes,no,,,,Plum,,pound,1,0.88,yes,,no,yes,no,,,,Iceberg ,Ocean Mist,1 head,1.5,yes,,no,yes,yes,,0.99,,,,,,,,,no,yes_,yes,C-Town label (store brand),5.99,,,,,,,,,no,yes,yes,Farmer’s Choice Dairy,2.49,,,,,,,,no,yes,Jack’s Egg Farm,1.99,no,,yes,yes,Nature’s Own,2.5,,,,,,
129,FM0001165775,6/7/2019 18:45,Associated ,63-01 ROOSEVELT AVENUE,11377,11377,QUEENS,40.745855,-73.900942,1011698,211027,3604109,402,"NYC-Queens Community District 2--Sunnyside & Woodside PUMA, New York",unknown,yes,no,,,,Navel ,,piece,3,2,,,no,yes,Chiquita ,0.49,no,,no,,,,,yes,no,,,,Plum ,,pound,1,0.99,,,no,yes,yes,,0.99,,,,,,,,no,yes,yes,,0.49,,,,,,,,,no,yes_,no,,,,,Chuck ,Associated label (store brand),1.025,4.4,,,no,yes,yes,Cream O Land,2.19,,,,,,,,no,yes,Jack’s Egg Farm,1.39,no,,yes,yes,Urban meadow fresh ,1.99,,,,,,
130,FM0001178350,4/8/2019 20:18,C-Town,630 EAST 169 STREET,10456,10456,BRONX,40.831334,-73.900883,1011679,242170,3603705,203,"NYC-Bronx Community District 3 & 6--Belmont, Crotona Park East & East Tremont PUMA; New York",unknown,yes,no,,,,Navel,Suntreat,piece,4,2,,,no,yes,Dole,0.79,no,yes,no,,,,,yes,no,,,,Plum,,pound,1,1.99,,,no,yes,no,,,,Green leaf,,1 head ,1.99,yes,,no,yes,yes,,0.99,yes,,,,,,,,no,yes_,yes,C-Town label (store brand),4.99,,,,,,,,,no,yes,yes,Dairy Pure ,2.59,,,,,,,,no,yes,Nelms Eggs,2.59,no,yes,yes,yes,Nature’s Own,2.5,,,,,,
131,FM0001181291,4/26/2019 16:49,Food World,935 EAST 107 STREET,11236,11236,BROOKLYN,40.647735,-73.892479,1014087,175282,3604009,318,"NYC-Brooklyn Community District 18--Canarsie & Flatlands PUMA, New York",unknown,yes,no,,,,Navel ,,piece,5,4,yes,,no,yes,Ms. Belinda,0.69,no,yes,yes,Driscoll’s ,1.5,yes,no,yes,yes,Coppola Farms,1.99,yes,,,,,,,,no,yes,yes,,1.59,yes,,,,,,,no,yes,yes,,0.99,yes,,,,,,,,no,yes_,yes,Meadowland Farms,5.99,,,,,,,,,no,yes,yes,Cream O Land,2.59,yes,,,,,,,no,yes,Jack’s Egg Farm,0.99,no,yes,yes,yes,Urban Meadow Fresh,1.79,,,,,,
132,FM0001197165,5/2/2019 17:32,Key Food,1050 WESTCHESTER AVENUE,10459,10459,BRONX,40.82473,-73.89177,1014204,239767,3603710,202,"NYC-Bronx Community District 1 & 2--Hunts Point, Longwood & Melrose PUMA; New York",unknown,yes,no,,,,Navel,,piece,5,2,,,no,yes,Belinda ,0.69,yes,yes,yes,Well Pict,1.99,yes,no,yes,yes,Global green team,2.99,yes,,,,,,,,no,yes,yes,,2.49,,,,,,,,no,yes,yes,Green Giant,0.99,yes,,,,,,,,no,yes_,yes,Key Food label (store brand),5.29,,,,,,,,,no,yes,yes,Farmers Choice Dairy,2.29,,,,,,,,no,yes,Key Food,2.29,no,,yes,yes,Urban Meadow Fresh,1.79,yes,,,,,
133,FM0001201815,4/26/2019 18:10,Stop & Shop,64-66 MYRTLE AVENUE,11385,11385,QUEENS,40.701068,-73.891174,1014425,194713,3604110,405,"NYC-Queens Community District 5--Ridgewood, Glendale & Middle Village PUMA; New York",yes,yes,no,,,,Navel ,Sunkist ,piece,10,10,yes,,no,yes,Chiquita ,0.59,no,,yes,Driscoll’s ,1.66,yes,no,yes,yes,Double Diamond Farms ,2.49,,,,,,,,,no,yes,yes,Bonipack Fresh ,2.99,,,,,,,,no,yes,yes,,1.49,,,,,,,,,no,yes_,yes,Stop & Shop label (store brand),6.49,,,,,,,,,no,yes,yes,Stop & Shop ,2.59,,,,,,,,no,yes,Stop & Shop,1.89,no,,yes,yes,Stop & shop ,1.99,,,,,,
134,FM0001217213,4/8/2019 20:18,Fine Fare Supermarkets,708 EAST TREMONT AVENUE,10457,10457,BRONX,40.845227,-73.890771,1014471,247235,3603705,206,"NYC-Bronx Community District 3 & 6--Belmont, Crotona Park East & East Tremont PUMA; New York",unknown,yes,no,,,,Navel ,Sunkist ,piece,8,2,yes,,no,yes,Del Monte,0.65,no,yes,yes,Well Pict ,3.99,,no,yes,no,,,,Plum ,,piece,1,1.29,yes,,no,yes,yes,,2,yes,,,,,,,no,yes,yes,,0.99,yes,,,,,,,,no,yes_,yes,Fine Fare label (store brand),4.99,yes,,,,,,,,no,yes,yes,Derle Hygrade,2.29,,,,,,,,no,yes,Hillandale ,2,no,yes,yes,yes,Sara Lee,1.99,,,,,,
135,FM0001223201,4/4/2019 19:20,Foodtown ,76-10 37 AVENUE,11372,11372,QUEENS,40.749177,-73.889698,1014812,212241,3604102,403,"NYC-Queens Community District 3--Jackson Heights & North Corona PUMA, New York",unknown,yes,no,,,,Navel,Sunkist,piece,10,2.99,,,no,yes,Dole ,0.59,no,,yes,Driscoll’s ,6.49,,no,yes,yes,Backyard Farms,2.49,yes,,,,,,,,no,yes,yes,,1.49,,,,,,,,no,yes,yes,,0.79,,,,,,,,,no,yes_,yes,Rancher’s Legend,6.49,,,,,,,,,no,yes,yes,Dairy Pure,2.29,,,,,,,,no,yes,Mitlitsky Eggs,2.19,no,,yes,yes,Nature’s Own ,2.5,,,,,,
136,FM0001236977,4/12/2019 19:34,Fine Fare Supermarkets,3131 GRAND CONCOURSE,10468,10468,BRONX,40.875129,-73.886304,1015693,258131,3603706,207,"NYC-Bronx Community District 7--Bedford Park, Fordham North & Norwood PUMA; New York",unknown,yes,no,,,,Navel,Sunkist ,piece,5,2,,,no,yes,Rosy ,0.89,no,,yes,Driscoll’s ,3.99,,no,yes,yes,Magic Sun,2.49,,,,,,,,,no,yes,yes,,1.99,,,,,,,,no,yes,yes,,0.99,,,,,,,,,no,yes_,yes,Fine fare label (store brand),5.49,,,,,,,,,no,yes,yes,Cream O Land,2.19,,,,,,,,no,yes,Nelms Eggs,2.39,no,,yes,yes,Sara Lee,1.99,,,,,,
137,FM0001242610,4/4/2019 19:20,Key Food,86-02 NORTHERN BOULEVARD,11372,11372,QUEENS,40.755959,-73.881493,1017082,214715,3604102,403,"NYC-Queens Community District 3--Jackson Heights & North Corona PUMA, New York",unknown,yes,no,,,,Navel,Sunkist ,piece,5,2,,,no,yes,Dole,0.5,no,,yes,Driscoll’s ,6.99,,yes,yes,yes,Wholesun Harvest,2.29,,,,,,,,,yes,yes,yes,Cal-Organic Farms,3.49,,,,,,,,yes,yes,yes,Green Giant,0.99,yes,,,,,,,,no,yes_,yes,Key Food label (store brand),5.49,,,,,,,,,no,yes,yes,Cream O Land,2.69,,,,,,,,no,yes,Mitlitsky Eggs,1.39,no,,yes,yes,Nature’s Own,2.5,,,,,,
138,FM0001251901,4/4/2019 19:20,Trade Fair ,89-02 37 AVENUE,11372,11372,QUEENS,40.750441,-73.877649,1018150,212706,3604102,403,"NYC-Queens Community District 3--Jackson Heights & North Corona PUMA, New York",unknown,yes,no,,,,Navel,Sunkist ,piece,7,2,yes,,no,yes,Dole,0.69,no,,yes,Driscoll’s ,7.99,,no,yes,yes,Magic Sun,1.99,yes,,,,,,,,no,yes,yes,,1.99,,,,,,,,no,yes,yes,,0.79,yes,,,,,,,,no,yes_,yes,Trade Fair label (store brand),5.99,,,,,,,,,no,yes,yes,Cream O Land,2.39,,,,,,,,no,yes,Trade Fair ,1.79,no,,yes,yes,Nature’s Own,2.5,,,,,,
139,FM0001261337,4/4/2019 19:21,Key Food,37-54 90 STREET,11372,11372,QUEENS,40.749397,-73.876676,1018420,212326,3604102,403,"NYC-Queens Community District 3--Jackson Heights & North Corona PUMA, New York",unknown,yes,no,,,,Navel,Sunkist,piece,3,1.29,yes,,no,yes,Dole,0.79,no,yes,yes,Beach Street Farms,5.99,yes,no,yes,yes,Magic Sun,2.39,yes,,,,,,,,no,yes,yes,,1.99,yes,,,,,,,no,yes,yes,,0.99,yes,,,,,,,,no,yes_,yes,Key Food label (store brand),4.99,,,,,,,,,no,yes,yes,Cream O Land,2.49,,,,,,,,no,yes,Sunshine Farms ,1.99,no,,yes,yes,Urban Meadow,1.79,yes,,,,,
140,FM0001267376,4/26/2019 16:15,Key Food,1215 SUTTER AVENUE,11208,11208,BROOKLYN,40.672611,-73.873076,1019458,184352,3604008,305,"NYC-Brooklyn Community District 5--East New York & Starrett City PUMA, New York",unknown,yes,no,,,,Navel,Paramount ,piece,3,2,,,no,yes,Ms. Belinda ,0.59,no,,yes,Well pict,1.99,,no,yes,yes,Double Diamond Farms ,1.99,,,,,,,,,no,yes,yes,,2.99,,,,,,,,no,yes,yes,Green Giant ,0.99,,,,,,,,,no,yes_,yes,Key Food label (store brand),3.49,,,,,,,,,no,yes,yes,Cream O Land,2.49,,,,,,,,no,yes,Sunshine Farms ,1.99,no,,yes,yes,Urban Meadow Fresh,1.99,,,,,,
141,FM0001280533,7/25/2019 18:22,Food Bazaar,34-20 JUNCTION BOULEVARD,11372,11372,QUEENS,40.754464,-73.872404,1019601,214174,3604102,403,"NYC-Queens Community District 3--Jackson Heights & North Corona PUMA, New York",unknown,yes,no,,,,Navel,Sunkist,piece,3,2,yes,3 for 2,no,yes,Del monte,0.69,no,,yes,Driscoll,2,yes,no,yes,yes,Canada,1.49,,,,,,,,,no,yes,yes,,1.99,,,,,,,,no,yes,yes,,0.79,,,,,,,,,no,yes_,yes,Food Bazaar,5.69,yes,,,,,,,,no,yes,yes,Cream O Land,2.99,,,,,,,,no,yes,Bogopa,1.19,no,,yes,yes,Sara Lee,2,yes,,,,,
142,FM0001293911,5/6/2019 17:27,Key Food,2711 WHITE PLAINS ROAD,10467,10467,BRONX,40.865686,-73.867364,1020936,254698,3603704,211,"NYC-Bronx Community District 11--Pelham Parkway, Morris Park & Laconia PUMA; New York",unknown,yes,no,,,,Navel,Sunkist ,piece,3,2,yes,,no,yes,Ms. Belinda,0.69,no,yes,yes,Naturipe,1.95,yes,no,yes,yes,Double Diamond Farms,2.99,yes,,,,,,,,no,yes,yes,,2.99,yes,,,,,,,no,yes,yes,Green Giant ,0.99,yes,,,,,,,,no,yes_,yes,Key Food label (store brand),6.99,,,,,,,,,no,yes,yes,Farmers Choice Dairy ,2.78,yes,,,,,,,no,yes,Sunshine Farms,1.67,no,yes,yes,yes,Nature’s Own ,2.5,,,,,,
143,FM0001296629,4/29/2019 15:19,C-Town,74-39 JAMAICA AVENUE,11421,11421,QUEENS,40.69134,-73.867101,1021105,191178,3604111,409,"NYC-Queens Community District 9--Richmond Hill & Woodhaven PUMA, New York",unknown,yes,no,,,,Navel ,,piece,5,1.99,yes,,no,yes,Bonita ,0.79,no,,yes,Driscoll’s ,1.99,yes,no,yes,yes,Magic Sun,2.99,,,,,,,,,no,yes,yes,,2.49,,,,,,,,no,yes,yes,,0.99,,,,,,,,,no,yes_,yes,C-Town label (store brand),6.09,,,,,,,,,no,yes,yes,Cream O Land,1.99,,,,,,,,no,yes,Jack’s Egg Farm,1.89,no,yes,yes,yes,Krasdale,1.99,,,,,,
144,FM0001309039,7/25/2019 18:49,Key Food,102-14 37 AVENUE,11368,11368,QUEENS,40.753064,-73.865159,1021609,213667,3604102,403,"NYC-Queens Community District 3--Jackson Heights & North Corona PUMA, New York",unknown,yes,no,,,,Navel orange,Sunkist,piece,3,1.99,yes,Naranja sonki,no,yes,Belinda,0.79,no,,yes,Foxy,3.99,,no,yes,no,,,,Beef tomato,,pound,1,1.49,,,no,yes,yes,,1.49,,,,,,,,no,yes,yes,,0.89,,,,,,,,,no,yes_,yes,Key Food,5.49,,,,,,,,,no,yes,yes,Cream O Land,2.39,,,,,,,,no,yes,Key Food,1.79,no,yes,yes,yes,Urban meadow,1.99,,,,,,
145,FM0001309040,3/11/2019 20:04,Key Food ,102-14 37 AVENUE,11368,11368,QUEENS,40.753064,-73.865159,1021609,213667,3604102,403,"NYC-Queens Community District 3--Jackson Heights & North Corona PUMA, New York",unknown,yes,no,,,,Navel ,Sunkist ,piece,5,5,,,no,yes,Dole,0.79,no,,yes,Berry boss ,1.99,,no,yes,no,,,,Plum,,pound,1,1.49,,,no,yes,no,,,,Romaine ,Foxy,3 hearts,2.99,,,no,yes,yes,Green Giant,0.99,,,,,,,,,no,yes_,no,,,,85,Lean ground beef,,1.26,6.67,,,no,yes,no,,,,Cream O land ,Quart ,1,1.19,yes,"1%, 1/2 gallon available but no price. ",no,yes,Key Food,1.99,no,,yes,yes,Arnold,2.99,,,,,,
146,FM0001317664,6/6/2019 15:11,Aldi,61-11 JUNCTION BOULEVARD,11374,11374,QUEENS,40.733466,-73.864185,1021890,206527,3604108,406,"NYC-Queens Community District 6--Forest Hills & Rego Park PUMA, New York",unknown,yes,yes,Sunpacifc ,0.97,,,,,,,,,no,yes,Chiquita ,0.44,no,,yes,Better Berry ,1.99,,no,yes,yes,Intergrow ,1.1,,,,,,,,,no,yes,no,,,,Green leaf ,Dole,1 head ,1.89,,,no,yes,yes,Penn’s Own ,0.4,,,,,,,,,no,yes_,yes,,4.29,,,,,,,,,no,yes,yes,Friendly Farms ,1.99,,,,,,,,no,yes,Goldhen,0.99,no,,yes,yes,L’oven Fresh ,1.49,,,,,,
147,FM0001327521,3/11/2019 20:58,Ideal Food Basket ,99-30 CORONA AVENUE,11368,11368,QUEENS,40.744322,-73.862348,1022393,210483,3604107,404,"NYC-Queens Community District 4--Elmhurst & South Corona PUMA, New York",unknown,yes,no,,,,Navel,,piece,5,5,,,no,yes,Dole,0.49,no,,yes,Farm N 4U,2,,no,yes,yes,Bona Fresh,1.99,,,,,,,,,no,yes,yes,,2.5,,,,,,,,no,yes,yes,,0.99,,,,,,,,,no,yes_,yes,,4.99,,,,,,,,,no,yes,yes,Cream O Land,2.49,,,,,,,,no,yes,Ideal Fresh Eggs,1.89,no,,yes,yes,Ideal,1.5,,,,,,
148,FM0001340183,5/2/2019 18:15,C-Town,100 HUGH J GRANT CIRCLE,10472,10472,BRONX,40.83266,-73.861081,1022693,242668,3603709,209,"NYC-Bronx Community District 9--Castle Hill, Clason Point & Parkchester PUMA; New York",unknown,yes,no,,,,Navel,Sunkist ,piece,5,1.99,yes,,no,yes,Del Monte,0.79,no,,yes,Driscoll’s ,1.67,yes,no,yes,yes,Coppola Farms ,2.29,yes,,,,,,,,no,yes,yes,,1.69,,,,,,,,no,yes,yes,,0.99,yes,,,,,,,,no,yes_,yes,C-Town label (store brand),5.99,,,,,,,,,no,yes,yes,Cream O Land,2.29,yes,,,,,,,no,yes,Pine Belt Eggs,2.99,no,yes,yes,yes,Gold Medal,1.99,,,,,,
149,FM0001350092,5/2/2019 18:38,Key Food,1511 METROPOLITAN AVENUE,10462,10462,BRONX,40.839343,-73.858671,1023356,245104,3603709,209,"NYC-Bronx Community District 9--Castle Hill, Clason Point & Parkchester PUMA; New York",unknown,yes,no,,,,Navel ,,piece,4,5,,,no,no,,,,,yes,Foxy,1.99,yes,no,yes,yes,Coppola Farms,2.99,,,,,,,,,no,yes,yes,,1.99,,,,,,,,no,yes,yes,Green Giant,0.99,yes,,,,,,,,no,yes_,yes,Key Food label (store brand),5.89,,,,,,,,,no,yes,yes,Cream O Land ,2.69,,,,,,,,no,yes,Key Food,1.69,no,,yes,yes,Urban Meadow Fresh ,1.79,,,,,,
150,FM0001360450,5/6/2019 17:49,Foodtown,1000 ALLERTON AVENUE,10469,10469,BRONX,40.865483,-73.858532,1023379,254628,3603704,211,"NYC-Bronx Community District 11--Pelham Parkway, Morris Park & Laconia PUMA; New York",unknown,yes,no,,,,Navel ,Sunkist ,piece,3,2,yes,,no,yes,Dole,0.79,no,,yes,Foxy,2.5,yes,no,yes,yes,Sagami,1.99,,,,,,,,,no,yes,yes,,1.99,yes,,,,,,,no,yes,yes,,0.99,yes,,,,,,,,no,yes_,yes,Rancher’s Legend,5.69,,,,,,,,,no,yes,yes,Dairy Pure,2.59,,,,,,,,no,yes,Croton Egg Farm,2.39,no,,yes,yes,Arnold,3.69,,,,,,
151,FM0001370283,5/6/2019 18:32,Key Food,4171 WHITE PLAINS ROAD,10466,10466,BRONX,40.892902,-73.85766,1023604,264618,3603702,212,"NYC-Bronx Community District 12--Wakefield, Williamsbridge & Woodlawn PUMA; New York",unknown,yes,no,,,,Navel ,Sequoia ,piece,5,2,,,no,yes,Ms. Belinda,0.69,no,,yes,Naturipe,1.95,yes,no,yes,yes,Magic Sun,1.99,,,,,,,,,no,yes,yes,,1.99,,,,,,,,no,yes,yes,Green Giant ,0.99,yes,,,,,,,,no,yes_,yes,Key Food label (store brand),4.69,,,,,,,,,no,yes,yes,Cream O Land,2.79,,,,,,,,no,yes,Key Food,1.49,no,,yes,yes,Urban meadow fresh ,1.99,,,,,,
152,FM0001375224,3/11/2019 20:36,Key Food,46-20 108 STREET,11368,11368,QUEENS,40.747068,-73.856892,1023903,211486,3604107,404,"NYC-Queens Community District 4--Elmhurst & South Corona PUMA, New York",unknown,yes,no,,,,Navel,,piece,6,2,,,no,yes,Dole,0.69,no,,yes,Berry boss,1.67,,no,yes,no,,,,Plum,,piece,1,1.49,,,no,yes,yes,,1.99,,,,,,,,no,yes,yes,GPOD,1.2,,,,,,,,,no,yes_,no,,,,80,Lean ground beef,,1.66,4.96,,,no,yes,yes,Cream O Land,2.59,,,,,,,,no,yes,Hillandale Farms,2,no,,yes,yes,Arnold,2.99,,,,,,
153,FM0001388279,5/2/2019 19:04,Key Food ,2722 EAST TREMONT AVENUE,10461,10461,BRONX,40.84243,-73.845151,1027095,246235,3603703,210,"NYC-Bronx Community District 10--Co-op City, Pelham Bay & Schuylerville PUMA; New York",unknown,yes,no,,,,Navel ,,piece,3,3,,,no,yes,Ms. Belinda,0.79,no,,yes,Naturipe,1.99,,no,yes,no,,,,Plum ,,pound,1,0.99,yes,,no,yes,yes,,1.99,,,,,,,,no,yes,yes,Green Giant ,0.99,yes,,,,,,,,no,yes_,yes,Key Food label (store brand),5.49,,,,,,,,,no,yes,yes,Farmers choice dairy ,2.79,,,,,,,,no,yes,Sunshine Farms,2.79,no,,yes,yes,Urban Meadow Fresh ,1.99,,,,,,
154,FM0001393219,4/23/2019 15:37,Key Food,108-27 QUEENS BOULEVARD,11375,11375,QUEENS,40.721297,-73.843607,1027601,202103,3604108,406,"NYC-Queens Community District 6--Forest Hills & Rego Park PUMA, New York",unknown,yes,no,,,,Navel,,piece,5,5,,,no,yes,Ms. Belinda,0.89,no,,yes,Bobalu,2.5,yes,no,yes,yes,Double Diamond Farms,2.99,,,,,,,,,no,yes,yes,,1.99,,,,,,,,no,yes,yes,,0.99,,,,,,,,,no,yes_,yes,Key Food label (store brand),7.59,,,,,,,,,no,yes,yes,Farmers Choice Dairy ,2.59,,,,,,,,no,yes,Key Food ,1.69,no,yes,yes,yes,Nature’s own ,2.99,,,,,,
155,FM0001404578,6/5/2019 18:57,Sky Foods,40-24 COLLEGE POINT BOULEVARD,11354,11354,QUEENS,40.757451,-73.834054,1030224,215280,3604103,407,"NYC-Queens Community District 7--Flushing, Murray Hill & Whitestone PUMA; New York",unknown,yes,no,,,,Navel,Sunkist ,piece,5,2.99,,,no,no,,,,,yes,Driscoll’s ,3.99,,no,yes,yes,Intergrow,0.99,,,,,,,,,no,yes,yes,,1.99,,,,,,,,no,yes,yes,,0.99,,,,,,,,,no,yes_,no,,,,,Ground beef ,Sky Food label (store brand),1.08,5.39,,,no,yes,yes,Derle hygrade ,2.59,,,,,,,,no,no,,,,,no,,,,,,,,,
156,FM0001411946,7/26/2019 20:59,Key Food,116-34 QUEENS BOULEVARD,11375,11375,QUEENS,40.71596,-73.833346,1030449,200164,3604108,406,"NYC-Queens Community District 6--Forest Hills & Rego Park PUMA, New York",unknown,yes,no,,,,Navel,,piece,0.4,,,,no,yes,Belinda,0.89,no,,yes,Driscoll,2.98,,no,yes,yes,Policella,1.99,,,,,,,,,no,yes,yes,,0.98,,,,,,,,no,yes,yes,Green Giant,0.99,,,,,,,,,no,yes_,yes,Key Food,6.99,,,,,,,,,no,yes,yes,Cream O Land,2.69,,,,,,,,no,yes,Eggland's Best,2.99,no,,yes,yes,Urban Meadow,1.89,,,,,,
157,FM0001423960,6/5/2019 19:44,H Mart,141-40 NORTHERN BOULEVARD,11354,11354,QUEENS,40.764391,-73.825539,1032578,217813,3604103,407,"NYC-Queens Community District 7--Flushing, Murray Hill & Whitestone PUMA; New York",unknown,yes,no,,,,Navel ,Suntreat ,piece,1,0.79,,,no,yes,Chiquita ,0.79,no,,yes,Driscoll’s ,4.99,,no,yes,yes,,0.99,,,,,,,,,no,yes,yes,,1.79,,,,,,,,no,yes,yes,,0.79,,,,,,,,,no,yes_,yes,Meadowland Farms ,6.99,,,,,,,,,no,yes,yes,Dairy Pure,2.79,,,,,,,,no,no,,,,,yes,yes,Pepperidge Farm ,3.99,,,,,,
158,FM0001433534,6/5/2019 19:59,Great Wall Supermarket ,144-50 NORTHERN BOULEVARD,11354,11354,QUEENS,40.764705,-73.822971,1033289,217929,3604103,407,"NYC-Queens Community District 7--Flushing, Murray Hill & Whitestone PUMA; New York",unknown,yes,no,,,,Navel ,Sunkist ,piece,4,1.99,,,no,yes,Del Monte ,0.69,no,,yes,Driscoll’s ,2.99,,no,yes,yes,Double Diamond Farms ,1.29,,,,,,,,,no,yes,yes,,1.29,,,,,,,,no,yes,yes,,0.69,,,,,,,,,no,no,,,,,,,,,,,,,yes,yes,Cream O Land ,2.89,,,,,,,,no,no,,,,,yes,yes,Arnold ,3.99,,,,,,
159,FM0001439884,4/29/2019 16:24,Key Food,138-37 QUEENS BOULEVARD,11435,11435,QUEENS,40.708114,-73.817938,1034726,197314,3604106,408,"NYC-Queens Community District 8--Briarwood, Fresh Meadows & Hillcrest PUMA; New York",unknown,yes,no,,,,Navel ,,piece,6,2,,,no,yes,Ms. Belinda ,0.69,no,,yes,Giant Berry Farms,2.99,yes,yes,yes,yes,,2.99,yes,,,,,,,,no,yes,yes,,1.99,,,,,,,,no,yes,yes,,0.99,yes,,,,,,,,no,yes_,yes,Key Food label (store brand),5.99,,,,,,,,,no,yes,yes,Cream O Land,2.79,,,,,,,,no,yes,Sunshine Farms,2.99,no,,yes,yes,Urban Meadow Farms,1.99,,,,,,
160,FM0001448947,5/3/2019 16:50,C-Town ,134-16 LIBERTY AVENUE,11419,11419,QUEENS,40.691459,-73.812492,1036249,191249,3604113,410,"NYC-Queens Community District 10--Howard Beach & Ozone Park PUMA, New York",unknown,yes,no,,,,Navel ,Sunkist ,piece,4,2,yes,,no,yes,Chiquita ,0.79,no,yes,yes,Naturipe,1.5,yes,no,yes,yes,Mucci,1.99,yes,,,,,,,,no,yes,yes,,1.99,,,,,,,,no,yes,yes,,0.99,yes,,,,,,,,no,yes_,yes,C-Town label (store brand),4.99,yes,,,,,,,,no,yes,yes,Cream O Land,2.79,,,,,,,,no,yes,Jack’s Egg Farm,1.25,no,yes,yes,yes,Super Beard,1.99,,,,,,
161,FM0001458780,4/29/2019 15:54,Food World,148-35 JAMAICA AVENUE,11435,11435,QUEENS,40.701826,-73.806065,1038023,195030,3604112,412,"NYC-Queens Community District 12--Jamaica, Hollis & St. Albans PUMA; New York",yes,yes,no,,,,Navel ,Sunkist ,piece,5,5,yes,,no,yes,Chiquita ,0.69,no,yes,yes,Well Pict,1.25,yes,no,yes,yes,Millennium ,1.99,yes,,,,,,,,no,yes,no,,,,Green leaf ,,1 head,1.99,yes,,no,yes,yes,,0.99,yes,,,,,,,,no,yes_,yes,Food world label (store brand),3.99,,,,,,,,,no,yes,yes,Cream O Land,2.29,yes,,,,,,,no,yes,Jack’s Egg Farm ,0.99,no,yes,yes,yes,Urban Meadow Fresh,1.99,,,,,,
162,FM0001471044,5/8/2019 15:27,Foodtown ,47-33 BELL BOULEVARD,11361,11361,QUEENS,40.756438,-73.767468,1048672,214953,3604104,411,"NYC-Queens Community District 11--Bayside, Douglaston & Little Neck PUMA; New York",unknown,yes,no,,,,Navel ,,piece,4,5,yes,,no,yes,Chiquita ,0.79,no,,yes,Foxy ,2.99,yes,no,yes,yes,Backyard Farms,2.49,,,,,,,,,no,yes,yes,,1.99,,,,,,,,no,yes,yes,,0.99,yes,,,,,,,,no,yes_,yes,Foodtown label (store brand),5.69,,,,,,,,,no,yes,yes,Dairy Pure,2.49,,,,,,,,no,no,,,,,yes,yes,Nature’s Own,2,,,,,,
163,FM0001479595,5/8/2019 16:02,Key Food,214-14 73 AVENUE,11364,11364,QUEENS,40.740363,-73.759711,1050837,209102,3604104,411,"NYC-Queens Community District 11--Bayside, Douglaston & Little Neck PUMA; New York",unknown,yes,no,,,,Large navel ,Sunkist ,piece,4,5,,,no,yes,Ms. Belinda,0.79,no,,yes,Foxy,2.99,,no,yes,yes,Village farms,1.99,,,,,,,,,no,yes,yes,,1.99,,,,,,,,no,yes,yes,,1.29,,,,,,,,,no,yes_,yes,Key Food label (store brand),5.99,,,,,,,,,no,yes,yes,Farmers Choice Dairy ,2.79,,,,,,,,no,yes,Key Food ,2.79,no,,yes,yes,Urban meadow fresh ,1.99,,,,,,
